#FILE	NUM_FOUND	AAC(3)-IId	AAC(3)-IIe	AAC(3)-IV	ANT(3'')-IIa	APH(3'')-Ib	APH(3')-IIa	APH(3')-Ia	APH(4)-Ia	APH(6)-Id	CARB-3	CMY-59	CRP	CTX-M-130	CTX-M-15	CTX-M-27	CTX-M-55	CTX-M-65	CTX-M-8	Escherichia_coli_acrA	Escherichia_coli_ampC	Escherichia_coli_ampC1_beta-lactamase	Escherichia_coli_ampH	Escherichia_coli_emrE	Escherichia_coli_mdfA	FosA3	FosA7	H-NS	MCR-1	QepA4	QnrB5	QnrS1	TEM-1	TEM-135	TEM-141	TEM-176	aadA2	aadA5	acrB	acrD	acrE	acrF	acrS	bacA	baeR	baeS	catI	catII_from_Escherichia_coli_K-12	cmlA1	cpxA	dfrA1	dfrA12	dfrA14	dfrA16	dfrA17	dfrA8	emrA	emrB	emrK	emrR	emrY	eptA	evgA	evgS	floR	gadW	gadX	kdpE	linG	marA	mdtA	mdtB	mdtC	mdtE	mdtF	mdtG	mdtH	mdtM	mdtN	mdtO	mdtP	mphA	mphB	msbA	pmrF	qacH	sul1	sul2	sul3	tet(A)	tet(B)	tolC	ugd	yojI
AI-5395_10_10_assembly_Abricate_card.tsv	57	.	.	.	.	100.00	.	.	.	100.00	.	.	100.00	.	.	.	100.00	.	.	100.00	100.00	100.00	100.00	.	100.00	100.00	.	100.00	.	.	.	.	100.00	.	86.64	.	.	100.00	100.00	100.00	100.00	100.00	100.00	100.00	100.00	100.00	100.00	.	.	100.00	.	.	.	.	100.00	.	100.00	100.00	100.00	100.00	100.00	100.00	100.00	100.00	.	100.00	100.00	100.00	.	100.00	100.00	100.00	100.00	100.00	100.00	100.00	100.00	98.30	100.00	100.00	100.00	100.00	100.00	100.00	100.00	.	100.00	100.00	.	.	100.00	100.00	.	100.00
AI-5395_11_11_assembly_Abricate_card.tsv	46	.	.	.	.	.	.	.	.	.	.	.	100.00	.	.	.	.	.	.	100.00	100.00	100.00	100.00	100.00	100.00	.	.	100.00	.	.	.	.	.	.	.	.	.	.	100.00	100.00	100.00	100.00	100.00	100.00	100.00	100.00	.	.	.	100.00	.	.	.	.	.	.	100.00	100.00	100.00	100.00	100.00	100.00	100.00	100.00	.	100.00	100.00	100.00	.	100.00	100.00	100.00	100.00	100.00	100.00	100.00	100.00	100.00	100.00	100.00	100.00	.	99.58	100.00	100.00	.	.	.	.	.	.	100.00	99.49	100.00
AI-5395_12_12_assembly_Abricate_card.tsv	55	.	.	.	82.51	.	.	.	.	.	.	.	100.00	.	.	.	.	100.00	.	100.00	100.00	100.00	100.00	.	100.00	.	100.00	100.00	.	.	.	.	100.00	.	.	.	100.00	.	100.00	100.00	100.00	100.00	100.00	99.76	100.00	100.00	.	.	100.00	100.00	.	100.00	.	.	.	.	100.00	100.00	100.00	100.00	100.00	100.00	100.00	100.00	.	100.00	100.00	99.26	.	100.00	100.00	100.00	100.00	100.00	100.00	100.00	100.00	100.00	100.00	100.00	100.00	.	100.00	100.00	100.00	100.00	.	.	100.00	97.80	.	100.00	100.00	100.00
AI-5395_13_13_assembly_Abricate_card.tsv	59	.	.	.	82.51	100.00	100.00	.	.	100.00	.	.	100.00	.	.	.	100.00	.	.	100.00	100.00	100.00	100.00	100.00	100.00	.	.	100.00	.	.	.	.	.	.	86.64	.	100.00	.	100.00	100.00	100.00	100.00	100.00	99.76	100.00	100.00	.	.	100.00	100.00	100.00	.	.	.	.	.	100.00	100.00	100.00	100.00	100.00	100.00	100.00	100.00	100.00	100.00	100.00	100.00	.	100.00	100.00	100.00	100.00	100.00	100.00	100.00	100.00	100.00	100.00	100.00	100.00	.	.	100.00	100.00	100.00	.	100.00	100.00	100.00	.	100.00	100.00	100.00
AI-5395_14_14_assembly_Abricate_card.tsv	52	.	.	.	.	100.00	.	.	.	100.00	.	.	100.00	.	.	100.00	.	.	.	100.00	100.00	.	100.00	100.00	100.00	.	.	100.00	.	.	.	.	.	.	.	.	.	100.00	100.00	100.00	100.00	100.00	100.00	100.00	99.86	100.00	.	.	.	99.56	.	.	.	.	100.00	.	100.00	100.00	100.00	100.00	100.00	100.00	100.00	100.00	.	100.00	100.00	99.26	.	100.00	100.00	100.00	100.00	100.00	100.00	100.00	100.00	.	100.00	100.00	100.00	100.00	.	100.00	100.00	.	100.00	100.00	.	97.80	.	100.00	100.00	100.00
AI-5395_15_15_assembly_Abricate_card.tsv	57	100.00	.	.	.	100.00	.	.	.	100.00	.	.	100.00	.	.	.	.	100.00	.	100.00	100.00	100.00	97.24	100.00	100.00	.	.	100.00	.	.	.	.	100.00	.	.	.	.	100.00	100.00	100.00	100.00	100.00	100.00	99.76	100.00	100.00	.	.	.	100.00	.	.	.	.	100.00	.	100.00	100.00	100.00	100.00	100.00	100.00	.	100.00	100.00	100.00	100.00	99.26	.	100.00	100.00	100.00	100.00	100.00	100.00	100.00	100.00	100.00	100.00	100.00	100.00	100.00	99.58	100.00	100.00	.	100.00	100.00;100.00	.	100.00	.	100.00	100.00	100.00
AI-5395_16_16_assembly_Abricate_card.tsv	49	.	.	.	.	100.00	.	.	.	100.00	.	.	100.00	.	.	.	.	.	.	100.00	100.00	100.00	100.00	.	100.00	.	.	100.00	.	.	.	.	100.00	.	.	.	.	.	100.00	100.00	100.00	100.00	100.00	99.76	100.00	100.00	.	.	.	100.00	.	.	.	.	.	.	100.00	100.00	100.00	100.00	100.00	100.00	100.00	100.00	.	100.00	100.00	99.26	.	100.00	100.00	100.00	100.00	100.00	100.00	100.00	100.00	100.00	100.00	100.00	100.00	.	99.58	100.00	100.00	.	.	.	.	.	100.00	100.00	100.00	100.00
AI-5395_17_17_assembly_Abricate_card.tsv	47	.	.	.	.	.	.	.	.	.	.	.	100.00	.	.	.	.	.	.	100.00	100.00	100.00	100.00	100.00	100.00	.	100.00	100.00	.	.	.	.	.	.	.	.	.	.	100.00	100.00	100.00	100.00	100.00	99.76	100.00	100.00	.	.	.	100.00	.	.	.	.	.	.	100.00	100.00	100.00	100.00	100.00	100.00	100.00	100.00	.	100.00	100.00	99.26	.	100.00	100.00	100.00	100.00	100.00	100.00	100.00	100.00	100.00	100.00	100.00	100.00	.	99.58	100.00	100.00	.	.	.	.	.	.	100.00	99.40	100.00
AI-5395_18_18_assembly_Abricate_card.tsv	52	.	.	.	.	100.00	.	.	.	100.00	.	.	100.00	.	.	100.00	.	.	.	100.00	100.00	.	100.00	100.00	100.00	.	.	100.00	.	.	.	.	.	.	.	.	.	100.00	100.00	100.00	100.00	100.00	100.00	100.00	99.86	100.00	.	.	.	99.56	.	.	.	.	100.00	.	100.00	100.00	100.00	100.00	100.00	100.00	100.00	100.00	.	100.00	100.00	99.26	.	100.00	100.00	100.00	100.00	100.00	100.00	100.00	100.00	.	100.00	100.00	100.00	100.00	.	100.00	100.00	.	100.00	100.00	.	97.80	.	100.00	100.00	100.00
AI-5395_19_19_assembly_Abricate_card.tsv	47	.	.	.	.	.	.	.	.	.	.	.	100.00	.	.	.	.	.	100.00	100.00	100.00	100.00	100.00	100.00;100.00	100.00	.	.	100.00	.	.	.	.	.	.	.	.	.	.	100.00	100.00	100.00	100.00	100.00	99.76	100.00	100.00	.	.	.	100.00	.	.	.	.	.	.	100.00	100.00	100.00	100.00	100.00	100.00	100.00	100.00	.	100.00	100.00	99.26	.	100.00	100.00	100.00	100.00	100.00	100.00	100.00	100.00	100.00	100.00	100.00	100.00	.	100.00	100.00	100.00	.	.	.	.	.	.	100.00	100.00	100.00
AI-5395_1_1_assembly_Abricate_card.tsv	57	.	.	.	82.51	100.00	100.00	.	.	100.00	.	.	100.00	.	.	.	100.00	.	.	100.00	100.00	100.00	100.00	100.00;100.00	100.00	100.00	.	100.00	.	.	.	.	.	.	86.64	.	.	.	100.00	100.00	100.00	100.00	100.00	99.76	100.00	100.00	.	.	.	100.00	.	.	.	.	.	.	100.00	100.00	100.00	100.00	.	100.00	100.00	100.00	100.00	100.00	100.00	99.26	.	100.00	100.00	100.00	100.00	100.00	100.00	100.00	100.00	100.00	100.00	100.00	100.00	.	99.58	100.00	100.00	100.00	.	100.00	100.00	100.00	.	100.00	100.00	100.00
AI-5395_20_20_assembly_Abricate_card.tsv	52	.	.	.	.	100.00	.	.	.	100.00	.	.	100.00	.	.	100.00	.	.	.	100.00	100.00	.	100.00	100.00	100.00	.	.	100.00	.	.	.	.	.	.	.	.	.	100.00	100.00	100.00	100.00	100.00	100.00	100.00	99.86	100.00	.	.	.	99.56	.	.	.	.	100.00	.	100.00	100.00	100.00	100.00	100.00	100.00	100.00	100.00	.	100.00	100.00	99.26	.	100.00	100.00	100.00	100.00	100.00	100.00	100.00	100.00	.	100.00	100.00	100.00	100.00	.	100.00	100.00	.	100.00	100.00	.	97.80	.	100.00	100.00	100.00
AI-5395_21_21_assembly_Abricate_card.tsv	48	.	.	.	.	.	.	.	.	.	.	.	100.00	.	.	.	100.00	.	.	100.00	100.00	100.00	100.00	.	100.00	94.24	.	100.00	.	.	.	.	.	.	86.64	.	.	.	100.00	100.00	100.00	100.00	100.00	99.76	99.86	100.00	.	.	.	100.00	.	.	.	.	.	.	100.00	100.00	100.00	100.00	100.00	100.00	100.00	100.00	.	100.00	100.00	100.00	.	100.00	100.00	100.00	100.00	100.00	100.00	100.00	100.00	100.00	100.00	100.00	100.00	.	99.58	100.00	100.00	.	.	.	.	.	.	100.00	100.00	100.00
AI-5395_22_22_assembly_Abricate_card.tsv	56	.	.	.	82.51	.	.	100.00	.	.	.	.	100.00	.	.	.	100.00	.	.	100.00	100.00	100.00	100.00	100.00	100.00	100.00	.	100.00	.	.	.	100.00	.	.	86.64	.	.	.	100.00	100.00	100.00	100.00	100.00	99.76	100.00	100.00	.	.	.	100.00	.	.	100.00	.	.	.	100.00	100.00	100.00	100.00	100.00	100.00	100.00	100.00	.	100.00	100.00	99.26	.	100.00	100.00	100.00	100.00	100.00	100.00	100.00	100.00	100.00	100.00	100.00	100.00	.	99.58	100.00	100.00	100.00	.	.	100.00	97.80	.	100.00	99.49	100.00
AI-5395_23_23_assembly_Abricate_card.tsv	47	.	.	.	.	.	.	.	.	.	.	.	100.00	.	.	.	.	.	100.00	100.00	100.00	100.00	100.00	100.00	100.00	.	.	100.00	.	.	.	.	.	.	.	.	.	.	100.00	100.00	100.00	100.00	100.00	99.76	100.00	100.00	.	.	.	100.00	.	.	.	.	.	.	100.00	100.00	100.00	100.00	100.00	100.00	100.00	100.00	.	100.00	100.00	99.26	.	100.00	100.00	100.00	100.00	100.00	100.00	100.00	100.00	100.00	100.00	100.00	100.00	.	100.00	100.00	100.00	.	.	.	.	.	.	100.00	99.49	100.00
AI-5395_24_24_assembly_Abricate_card.tsv	54	.	.	.	.	.	.	.	.	.	.	.	100.00	.	.	.	100.00	.	.	100.00	100.00	100.00	100.00	100.00	100.00	100.00	.	100.00	.	100.00	.	.	100.00	.	86.64	.	100.00	.	100.00	100.00	100.00	100.00	100.00	99.76	100.00	100.00	.	.	.	100.00	.	100.00	.	.	.	.	100.00	100.00	100.00	100.00	100.00	100.00	100.00	100.00	.	100.00	100.00	99.26	.	100.00	100.00	100.00	100.00	100.00	100.00	100.00	100.00	100.00	100.00	100.00	100.00	83.55	100.00	100.00	100.00	.	100.00	.	.	.	.	100.00	.	100.00
AI-5395_25_25_assembly_Abricate_card.tsv	52	.	.	.	82.51	.	.	.	.	.	.	.	100.00	.	100.00	.	.	.	.	100.00	100.00	.	100.00	100.00	100.00	.	.	100.00	.	.	.	.	.	.	.	.	.	.	100.00	100.00	100.00	100.00	100.00	99.76	99.86	100.00	.	.	.	100.00	100.00	.	.	.	.	.	100.00	100.00	100.00	100.00	100.00	100.00	100.00	100.00	100.00	100.00	100.00	99.71	.	100.00	100.00	100.00	100.00	100.00	100.00	100.00	100.00	100.00	100.00	100.00	100.00	.	99.58	100.00	100.00	100.00	.	.	100.00	100.00	.	100.00	100.00	100.00
AI-5395_26_26_assembly_Abricate_card.tsv	53	.	.	.	82.51;99.59	.	.	.	.	.	.	.	100.00	.	.	.	100.00	.	.	100.00	100.00	100.00	100.00	100.00	100.00	.	.	100.00	.	.	.	.	.	.	.	.	.	.	100.00	100.00	100.00	100.00	100.00	99.76	99.86	100.00	.	.	.	100.00	.	.	100.00	.	.	.	100.00	100.00	100.00	100.00	100.00	100.00	100.00	100.00	.	100.00	88.61	100.00	100.00	100.00	100.00	100.00	100.00	100.00	100.00	100.00	100.00	100.00	100.00	100.00	100.00	.	100.00	100.00	100.00	100.00	.	.	100.00	97.80	.	100.00	100.00	100.00
AI-5395_27_27_assembly_Abricate_card.tsv	44	.	.	.	.	.	.	.	.	.	.	.	100.00	.	.	.	.	.	.	100.00	100.00	.	100.00	.	100.00	.	.	100.00	.	.	.	.	.	.	.	.	.	.	100.00	100.00	100.00	100.00	100.00	99.76	99.86	100.00	.	.	.	100.00	.	.	.	.	.	.	100.00	100.00	100.00	100.00	100.00	100.00	100.00	100.00	.	100.00	100.00	99.71	.	100.00	100.00	100.00	100.00	100.00	100.00	100.00	100.00	100.00	100.00	100.00	100.00	.	99.58	100.00	100.00	.	.	.	.	.	.	100.00	100.00	100.00
AI-5395_28_28_assembly_Abricate_card.tsv	49	.	.	.	.	.	.	.	.	.	.	.	100.00	.	100.00	.	.	.	.	100.00	100.00	100.00	100.00	.	100.00	.	.	100.00	.	.	.	100.00	.	.	.	.	.	100.00	100.00	100.00	100.00	100.00	100.00	100.00	100.00	100.00	.	.	.	100.00	.	.	.	.	100.00	.	100.00	100.00	100.00	100.00	100.00	100.00	100.00	100.00	.	100.00	100.00	100.00	.	100.00	100.00	100.00	100.00	100.00	100.00	100.00	100.00	98.30	100.00	100.00	100.00	.	100.00	100.00	100.00	.	100.00	.	.	.	.	100.00	.	100.00
AI-5395_29_29_assembly_Abricate_card.tsv	50	.	.	.	.	100.00	.	.	.	100.00	.	.	100.00	.	.	.	.	.	.	100.00	100.00	100.00	100.00	.	100.00	.	.	100.00	.	.	.	.	100.00	.	.	.	.	.	100.00	100.00	100.00	100.00	100.00	99.76	99.86	100.00	.	.	.	100.00	.	.	.	.	.	100.00	100.00	100.00	100.00	100.00	100.00	100.00	100.00	100.00	.	100.00	100.00	100.00	.	100.00	100.00	100.00	100.00	100.00	100.00	100.00	100.00	100.00	100.00	100.00	100.00	.	99.58	100.00	100.00	.	.	100.00	.	.	.	100.00	100.00	100.00
AI-5395_2_2_assembly_Abricate_card.tsv	51	.	.	.	82.51	.	.	.	.	.	.	.	100.00	.	.	.	100.00	.	.	100.00	100.00	100.00	100.00	.	100.00	.	.	100.00	.	.	.	.	100.00	.	86.64	.	.	.	100.00	100.00	100.00	100.00	100.00	100.00	100.00	100.00	.	.	.	100.00	100.00	.	.	.	.	.	100.00	100.00	100.00	100.00	100.00	100.00	100.00	99.97	.	100.00	100.00	100.00	.	100.00	100.00	100.00	100.00	100.00	100.00	100.00	100.00	98.30	100.00	100.00	100.00	.	100.00	100.00	100.00	100.00	.	.	91.29	.	.	100.00	.	100.00
AI-5395_30_30_assembly_Abricate_card.tsv	45	.	.	.	.	.	.	.	.	.	.	.	100.00	.	.	.	.	.	.	100.00	100.00	100.00	100.00	.	100.00	.	.	100.00	.	.	.	.	.	.	.	.	.	.	100.00	100.00	100.00	100.00	100.00	99.76	100.00	100.00	.	.	.	100.00	.	.	.	.	.	.	100.00	100.00	100.00	100.00	100.00	100.00	100.00	100.00	.	100.00	100.00	99.26	.	100.00	100.00	100.00	100.00	100.00	100.00	100.00	100.00	100.00	100.00	100.00	100.00	.	100.00	100.00	100.00	.	.	.	.	97.80	.	100.00	.	100.00
AI-5395_31_31_assembly_Abricate_card.tsv	48	.	.	.	.	.	.	.	.	.	.	.	100.00	.	100.00	.	.	.	.	100.00	100.00	100.00	100.00	100.00	100.00	.	.	100.00	.	.	.	100.00	.	.	.	.	.	.	100.00	100.00	100.00	100.00	100.00	99.76	100.00	100.00	.	.	.	100.00	.	.	.	.	.	.	100.00	100.00	100.00	100.00	100.00	100.00	100.00	100.00	.	100.00	100.00	99.71	.	100.00	100.00	100.00	100.00	100.00	100.00	.	100.00	100.00	100.00	100.00	100.00	.	100.00	100.00	100.00	.	.	.	.	.	100.00	100.00	99.49	100.00
AI-5395_32_32_assembly_Abricate_card.tsv	57	.	.	.	.	100.00	.	.	.	100.00	.	.	100.00	.	.	.	100.00	.	.	100.00	100.00	100.00	100.00	100.00	100.00	100.00	.	100.00	.	.	.	.	.	.	.	.	.	100.00	100.00	100.00	100.00	100.00	100.00	100.00	100.00	100.00	.	.	.	100.00	.	.	.	.	100.00	.	100.00	100.00	100.00	100.00	100.00	100.00	100.00	100.00	100.00	100.00	100.00	100.00	.	100.00	100.00	100.00	100.00	100.00	100.00	100.00	100.00	98.30	100.00	100.00	100.00	100.00	100.00	100.00	100.00	.	100.00	100.00;100.00	.	100.00	.	100.00	100.00	100.00
AI-5395_33_33_assembly_Abricate_card.tsv	45	.	.	.	.	.	.	.	.	.	.	.	100.00	.	.	.	.	.	.	100.00	100.00	100.00	100.00	.	100.00	.	.	100.00	.	.	.	.	.	.	.	.	.	.	100.00	100.00	100.00	100.00	100.00	99.76	100.00	100.00	.	.	.	100.00	.	.	.	.	.	.	100.00	100.00	100.00	100.00	100.00	100.00	100.00	100.00	.	100.00	100.00	99.26	.	100.00	100.00	100.00	100.00	100.00	100.00	100.00	100.00	100.00	100.00	100.00	100.00	.	99.58	100.00	100.00	.	.	.	.	.	.	100.00	99.40	100.00
AI-5395_34_34_assembly_Abricate_card.tsv	62	100.00	.	.	82.51	.	.	99.75	.	.	.	.	100.00	.	.	.	100.00	.	100.00	100.00	100.00	100.00	100.00	100.00;100.00	100.00	100.00	.	100.00	.	.	100.00	.	100.00	.	86.64	100.00	100.00	.	100.00	100.00	100.00	99.97	100.00	99.76	100.00	100.00	.	.	100.00	100.00	.	.	.	.	.	.	100.00	100.00	100.00	100.00	100.00	100.00	100.00	100.00	100.00	100.00	100.00	99.26	.	100.00	100.00	100.00	100.00	100.00	100.00	100.00	100.00	100.00	100.00	100.00	100.00	.	100.00	100.00	100.00	100.00	.	.	100.00	100.00	100.00	100.00	.	100.00
AI-5395_35_35_assembly_Abricate_card.tsv	50	.	.	.	.	.	.	.	.	.	.	.	100.00	.	.	.	100.00	.	.	100.00	100.00	100.00	100.00	.	100.00	100.00	.	100.00	.	.	.	.	100.00	.	86.64	.	.	100.00	100.00	100.00	100.00	100.00	100.00	99.76	100.00	100.00	.	.	.	100.00	.	.	.	.	100.00	.	100.00	100.00	100.00	100.00	.	100.00	100.00	89.51	.	100.00	100.00	99.26	.	100.00	100.00	100.00	100.00	100.00	100.00	100.00	100.00	100.00	100.00	100.00	100.00	.	99.58	100.00	100.00	.	.	.	.	.	100.00	100.00	.	100.00
AI-5395_36_36_assembly_Abricate_card.tsv	47	.	.	.	.	.	.	.	.	.	.	.	100.00	.	.	.	.	.	.	100.00	100.00	100.00	100.00	100.00	100.00	.	.	100.00	.	.	.	.	.	.	.	.	.	.	100.00	100.00	100.00	100.00	100.00	99.76	100.00	100.00	.	.	.	100.00	.	.	.	.	.	.	100.00	100.00	100.00	100.00	100.00	100.00	100.00	100.00	.	100.00	100.00	99.26	.	100.00	100.00	100.00	100.00	100.00	100.00	100.00	100.00	100.00	100.00	100.00	100.00	.	99.58	100.00	100.00	.	.	.	.	97.80	.	100.00	99.49	100.00
AI-5395_37_37_assembly_Abricate_card.tsv	52	.	.	.	82.51	.	.	.	.	.	.	.	100.00	.	.	.	.	.	.	100.00	100.00	100.00	100.00	100.00	100.00	.	.	100.00	.	.	100.00	.	.	.	.	.	.	.	100.00	100.00	100.00	100.00	100.00	99.76	100.00	100.00	.	.	.	100.00	100.00	.	.	.	.	.	100.00	100.00	100.00	100.00	100.00	100.00	100.00	100.00	100.00	100.00	100.00	99.26	.	100.00	100.00	100.00	100.00	100.00	100.00	100.00	100.00	100.00	100.00	100.00	100.00	.	100.00	100.00	100.00	.	.	.	100.00	100.00	.	100.00	100.00	100.00
AI-5395_38_38_assembly_Abricate_card.tsv	50	.	.	.	.	.	.	.	.	.	.	.	100.00	.	.	.	100.00	.	.	100.00	100.00	100.00	100.00	100.00	100.00	100.00	.	100.00	.	.	.	.	.	.	86.64	.	.	.	100.00	100.00	100.00	100.00	100.00	99.76	100.00	100.00	.	.	.	100.00	.	.	.	.	.	.	100.00	100.00	100.00	100.00	100.00	100.00	100.00	100.00	.	100.00	100.00	99.26	.	100.00	100.00	100.00	100.00	100.00	100.00	85.49	100.00	100.00	100.00	100.00	100.00	.	100.00	100.00	100.00	.	.	.	.	.	100.00	100.00	100.00	100.00
AI-5395_39_39_assembly_Abricate_card.tsv	49	.	.	.	.	.	.	.	.	.	.	.	100.00	.	.	.	.	.	.	100.00	100.00	100.00	100.00	100.00;100.00	100.00	.	.	100.00	.	.	100.00	.	.	.	.	.	.	.	100.00	100.00	100.00	99.77	100.00	99.76	100.00	100.00	.	.	.	100.00	.	.	.	.	.	.	100.00	100.00	100.00	100.00	100.00	100.00	100.00	100.00	100.00	100.00	100.00	99.26	.	100.00	100.00	100.00	100.00	100.00	100.00	100.00	100.00	100.00	100.00	100.00	100.00	.	100.00	100.00	100.00	.	.	.	.	100.00	.	100.00	99.49	100.00
AI-5395_3_3_assembly_Abricate_card.tsv	59	.	.	.	82.51	100.00	100.00	.	.	100.00	.	.	100.00	.	.	.	100.00	.	.	100.00	100.00	100.00	100.00	100.00	100.00	.	.	100.00	.	.	.	.	.	.	86.64	.	100.00	.	100.00	100.00	100.00	100.00	100.00	99.76	100.00	100.00	.	.	100.00	100.00	100.00	.	.	.	.	.	100.00	100.00	100.00	100.00	100.00	100.00	100.00	100.00	100.00	100.00	100.00	100.00	.	100.00	100.00	100.00	100.00	100.00	100.00	100.00	100.00	100.00	100.00	100.00	100.00	.	.	100.00	100.00	100.00	.	100.00	100.00	100.00	.	100.00	100.00	100.00
AI-5395_40_40_assembly_Abricate_card.tsv	55	.	.	.	82.51	.	.	100.00	.	.	100.00	.	100.00	.	.	.	.	.	.	100.00	100.00	100.00	100.00	.	100.00	.	.	100.00	.	.	.	.	.	.	.	.	100.00	.	100.00	100.00	100.00	100.00	100.00	100.00	100.00	100.00	.	.	100.00	100.00	.	.	.	100.00	.	.	100.00	100.00	100.00	100.00	100.00	100.00	100.00	100.00	100.00	100.00	100.00	100.00	.	100.00	100.00	100.00	100.00	100.00	100.00	100.00	100.00	100.00	100.00	100.00	100.00	.	100.00	100.00	100.00	100.00	.	.	100.00	100.00	.	100.00	99.49	100.00
AI-5395_41_41_assembly_Abricate_card.tsv	55	.	.	.	82.20;82.51	.	.	.	.	.	.	.	100.00	.	.	.	100.00	.	.	100.00	100.00	100.00	100.00	100.00	100.00	.	.	100.00	.	.	100.00	.	.	.	86.64	.	.	.	100.00	100.00	100.00	100.00	100.00	99.76	100.00	100.00	.	.	.	100.00	100.00;100.00	.	.	.	.	.	100.00	100.00	100.00	100.00	100.00	100.00	100.00	100.00	100.00	100.00	100.00	99.26	.	100.00	100.00	100.00	100.00	100.00	100.00	100.00	100.00	100.00	100.00	100.00	100.00	.	100.00	100.00	100.00	100.00	.	.	100.00	97.80;100.00	.	100.00	100.00	100.00
AI-5395_42_43_assembly_Abricate_card.tsv	46	.	.	.	.	.	.	.	.	.	.	.	100.00	.	.	.	.	.	.	100.00	100.00	100.00	100.00	100.00	100.00	.	.	100.00	.	.	.	.	.	.	.	.	.	.	100.00	100.00	100.00	100.00	100.00	100.00	100.00	100.00	.	.	.	100.00	.	.	.	.	.	.	100.00	100.00	100.00	100.00	100.00	100.00	100.00	100.00	.	100.00	100.00	99.26	.	100.00	100.00	100.00	100.00	100.00	100.00	100.00	100.00	100.00	100.00	100.00	100.00	.	99.58	100.00	100.00	.	.	.	.	.	.	100.00	81.41	100.00
AI-5395_43_44_assembly_Abricate_card.tsv	43	.	.	.	.	.	.	.	.	.	.	.	100.00	.	.	.	.	.	.	100.00	100.00	.	100.00	100.00	100.00	.	.	100.00	.	.	.	.	.	.	.	.	.	.	100.00	100.00	100.00	100.00	100.00	99.76	99.86	100.00	.	.	.	100.00	.	.	.	.	.	.	100.00	100.00	100.00	100.00	100.00	100.00	100.00	100.00	.	100.00	100.00	99.26	.	100.00	100.00	100.00	100.00	100.00	100.00	100.00	100.00	.	100.00	100.00	100.00	.	.	100.00	100.00	.	.	.	.	.	.	100.00	99.49	100.00
AI-5395_44_45_assembly_Abricate_card.tsv	46	.	.	.	.	.	.	.	.	.	.	.	100.00	.	.	.	.	.	100.00	100.00	100.00	100.00	100.00	100.00	100.00	.	.	100.00	.	.	.	.	.	.	.	.	.	.	100.00	100.00	100.00	100.00	100.00	100.00	100.00	100.00	.	.	.	100.00	.	.	.	.	.	.	100.00	100.00	100.00	100.00	100.00	100.00	100.00	100.00	.	100.00	100.00	100.00	.	100.00	100.00	100.00	100.00	100.00	100.00	100.00	100.00	98.30	100.00	100.00	100.00	.	100.00	100.00	100.00	.	.	.	.	.	.	100.00	.	100.00
AI-5395_45_46_assembly_Abricate_card.tsv	55	.	.	.	82.51	.	.	.	.	.	.	.	100.00	.	.	.	.	100.00	.	100.00	100.00	100.00	100.00	.	100.00	.	100.00	100.00	.	.	.	.	100.00	.	.	.	100.00	.	100.00	100.00	100.00	100.00	100.00	99.76	100.00	100.00	.	.	100.00	100.00	.	100.00	.	.	.	.	100.00	100.00	100.00	100.00	100.00	100.00	100.00	100.00	.	100.00	100.00	99.26	.	100.00	100.00	100.00	100.00	100.00	100.00	100.00	100.00	100.00	100.00	100.00	100.00	.	100.00	100.00	100.00	100.00	.	.	100.00	97.80	.	100.00	100.00	100.00
AI-5395_46_47_assembly_Abricate_card.tsv	55	.	.	.	.	100.00	.	.	.	100.00	.	.	100.00	100.00	.	.	.	.	.	100.00	100.00	100.00	100.00	100.00	100.00	.	.	100.00	.	.	.	100.00	100.00	.	.	.	.	.	100.00	100.00	100.00	100.00	100.00	100.00	100.00	100.00	.	.	.	100.00	.	.	100.00	.	.	.	100.00	100.00	100.00	100.00	100.00	100.00	100.00	100.00	100.00	100.00	100.00	100.00	.	100.00	100.00	99.94	100.00	100.00	100.00	100.00	100.00	100.00	100.00	100.00	100.00	.	100.00	100.00	100.00	.	.	100.00	.	100.00;97.80	.	100.00	99.49	100.00
AI-5395_47_48_assembly_Abricate_card.tsv	46	.	.	.	.	.	.	.	.	.	.	.	100.00	.	.	.	.	.	.	100.00	100.00	100.00	100.00	100.00	100.00	.	.	100.00	.	.	.	.	.	.	.	.	.	.	100.00	100.00	100.00	100.00	100.00	99.76	100.00	100.00	.	.	.	100.00	.	.	.	.	.	.	100.00	100.00	100.00	100.00	100.00	100.00	100.00	100.00	.	100.00	100.00	99.26	.	100.00	100.00	100.00	100.00	100.00	100.00	100.00	100.00	100.00	100.00	100.00	100.00	.	100.00	100.00	100.00	.	.	.	.	.	.	100.00	100.00	100.00
AI-5395_48_49_assembly_Abricate_card.tsv	50	.	.	.	82.51	.	.	99.75	.	.	.	.	100.00	.	.	.	100.00	.	.	100.00	100.00	100.00	100.00	.	100.00	100.00	.	100.00	.	.	.	.	.	.	.	.	.	.	100.00	100.00	100.00	100.00	100.00	100.00	100.00	100.00	.	.	.	100.00	.	.	.	.	.	.	100.00	100.00	100.00	100.00	100.00	100.00	.	100.00	.	100.00	100.00	100.00	.	100.00	100.00	100.00	100.00	100.00	100.00	100.00	100.00	100.00	100.00	100.00	100.00	.	100.00	100.00	100.00	100.00	.	.	100.00	.	.	100.00	99.49	100.00
AI-5395_49_50_assembly_Abricate_card.tsv	45	.	.	.	.	.	.	.	.	.	.	.	100.00	.	.	.	.	.	.	100.00	100.00	100.00	100.00	.	100.00	100.00	.	100.00	.	.	.	.	.	.	.	.	.	.	100.00	100.00	100.00	100.00	100.00	100.00	100.00	100.00	.	.	.	100.00	.	.	.	.	.	.	100.00	100.00	100.00	100.00	100.00	100.00	.	100.00	.	100.00	100.00	100.00	.	100.00	100.00	100.00	100.00	100.00	100.00	100.00	100.00	100.00	100.00	100.00	100.00	.	100.00	100.00	100.00	.	.	.	.	.	.	100.00	99.49	100.00
AI-5395_4_4_assembly_Abricate_card.tsv	46	.	.	.	.	.	.	.	.	.	.	100.00	100.00	.	.	.	.	.	.	100.00	100.00	100.00	100.00	.	100.00	.	.	100.00	.	.	.	.	.	.	.	.	.	.	100.00	100.00	100.00	99.77	100.00	99.76	100.00	100.00	.	.	.	100.00	.	.	.	.	.	.	100.00	100.00	100.00	100.00	100.00	100.00	100.00	100.00	.	100.00	100.00	99.26	.	100.00	100.00	100.00	100.00	100.00	100.00	100.00	100.00	100.00	100.00	100.00	100.00	.	100.00	100.00	.	.	.	.	.	97.80	.	100.00	99.49	100.00
AI-5395_50_51_assembly_Abricate_card.tsv	44	.	.	.	.	.	.	.	.	.	.	.	100.00	.	.	.	.	.	.	100.00	100.00	100.00	100.00	.	100.00	.	.	100.00	.	.	.	.	.	.	.	.	.	.	100.00	100.00	100.00	100.00	100.00	99.76	99.86	100.00	.	.	.	100.00	.	.	.	.	.	.	100.00	100.00	100.00	100.00	100.00	100.00	100.00	100.00	.	100.00	100.00	99.71	.	100.00	100.00	100.00	100.00	100.00	100.00	100.00	100.00	100.00	100.00	100.00	100.00	.	99.58	100.00	100.00	.	.	.	.	.	.	100.00	.	99.76
AI-5395_51_53_assembly_Abricate_card.tsv	57	.	100.00	.	82.51	100.00	.	.	.	100.00	.	.	100.00	.	.	.	100.00	.	.	100.00	100.00	100.00	100.00	.	100.00	.	.	100.00	.	.	.	.	.	.	.	.	.	100.00	100.00	100.00	100.00	100.00	100.00	100.00	100.00	100.00	.	.	.	100.00	.	.	.	.	100.00	.	100.00	100.00	100.00	100.00	100.00	100.00	100.00	100.00	100.00	100.00	100.00	100.00	.	100.00	100.00	100.00	100.00	100.00	100.00	100.00	100.00	98.30	100.00	100.00	100.00	.	100.00	100.00	100.00	100.00	86.79	100.00	100.00	.	100.00	100.00	.	100.00
AI-5395_52_54_assembly_Abricate_card.tsv	54	.	.	.	.	100.00	99.75	.	.	100.00	.	.	100.00	.	.	.	100.00	.	.	100.00	100.00	.	100.00	100.00	100.00	100.00	.	100.00	.	.	.	.	.	.	86.64	.	.	.	100.00	100.00	100.00	100.00	100.00	99.76	100.00	100.00	.	.	.	100.00	100.00	.	.	.	.	.	100.00	100.00	100.00	100.00	100.00	100.00	100.00	100.00	100.00	100.00	100.00	100.00	.	100.00	100.00	100.00	100.00	100.00	100.00	85.49	100.00	100.00	100.00	100.00	100.00	.	.	100.00	100.00	.	.	100.00	.	100.00	.	100.00	99.49	100.00
AI-5395_53_55_assembly_Abricate_card.tsv	61	100.00	.	.	.	100.00	100.00	.	.	100.00	.	.	100.00	.	.	.	100.00	.	.	100.00	100.00	.	100.00	100.00	100.00	100.00	.	100.00	.	.	100.00	.	100.00	.	86.64	.	.	100.00	100.00	100.00	100.00	100.00	100.00	99.76	99.86	100.00	.	.	.	100.00	.	.	.	.	100.00	.	100.00	100.00	100.00	100.00	100.00	100.00	100.00	100.00	100.00	100.00	100.00	99.71	.	100.00	100.00	100.00	100.00	100.00	100.00	100.00	100.00	100.00	100.00	100.00	100.00	100.00	99.58	100.00	100.00	.	100.00	100.00	.	100.00	.	100.00	100.00	100.00
AI-5395_54_56_assembly_Abricate_card.tsv	54	.	.	.	.	100.00	.	.	.	100.00	.	.	100.00	.	100.00	.	.	.	.	100.00	100.00	100.00	100.00	.	100.00	.	.	100.00	.	.	.	100.00	.	.	.	.	.	100.00	100.00	100.00	100.00	100.00	100.00	99.76	99.86	100.00	.	.	.	100.00	.	.	.	.	100.00	.	100.00	100.00	100.00	100.00	100.00	100.00	100.00	100.00	.	100.00	100.00	99.71	.	100.00	100.00	100.00	100.00	100.00	100.00	100.00	100.00	.	100.00	100.00	100.00	100.00	100.00	100.00	100.00	.	100.00	100.00	.	97.80	.	100.00	100.00	100.00
AI-5395_55_57_assembly_Abricate_card.tsv	53	.	.	.	82.20	.	.	.	.	.	.	.	100.00	.	.	.	100.00	.	.	100.00	100.00	100.00	100.00	100.00;100.00	100.00	.	.	100.00	.	.	100.00	.	.	.	86.64	.	.	.	100.00	100.00	100.00	100.00	100.00	99.76	100.00	100.00	.	.	.	100.00	100.00	.	.	.	.	.	100.00	100.00	100.00	100.00	100.00	100.00	99.84	99.89	.	100.00	100.00	99.26	.	100.00	100.00	100.00	100.00	100.00	100.00	100.00	100.00	100.00	100.00	100.00	100.00	.	100.00	100.00	100.00	.	.	.	.	97.80	100.00	100.00	99.49	100.00
AI-5395_56_58_assembly_Abricate_card.tsv	56	.	100.00	.	82.51	.	.	99.75	.	.	.	.	100.00	.	.	.	100.00	.	.	100.00	100.00	100.00	100.00	100.00	100.00	.	.	100.00	.	.	.	.	.	.	.	.	.	.	100.00	100.00	100.00	100.00	100.00	99.76	100.00	100.00	.	100.00	.	100.00	.	.	100.00	.	.	.	100.00	100.00	100.00	100.00	100.00	100.00	100.00	100.00	100.00	100.00	100.00	99.26	.	100.00	100.00	100.00	100.00	100.00	100.00	100.00	100.00	100.00	100.00	100.00	100.00	.	100.00	100.00	100.00	100.00	.	.	100.00	97.80	.	100.00	81.41	100.00
AI-5395_57_59_assembly_Abricate_card.tsv	47	.	.	.	.	.	.	.	.	.	.	.	100.00	.	.	.	.	.	100.00	100.00	100.00	100.00	100.00	100.00;100.00	100.00	.	.	100.00	.	.	.	.	.	.	.	.	.	.	100.00	100.00	100.00	100.00	100.00	99.76	100.00	100.00	.	.	.	100.00	.	.	.	.	.	.	100.00	100.00	100.00	100.00	100.00	100.00	100.00	100.00	.	100.00	100.00	99.26	.	100.00	100.00	100.00	100.00	100.00	100.00	100.00	100.00	100.00	100.00	100.00	100.00	.	100.00	100.00	100.00	.	.	.	.	.	.	100.00	100.00	100.00
AI-5395_58_60_assembly_Abricate_card.tsv	59	.	.	100.00	82.51	.	.	.	100.00	.	.	.	100.00	.	.	.	.	100.00	.	100.00	100.00	100.00	100.00	100.00	100.00	.	100.00	100.00	.	.	.	.	100.00	.	.	.	100.00	.	100.00	100.00	100.00	100.00	100.00	99.76	100.00	100.00	.	.	100.00	100.00	.	100.00	.	.	.	.	100.00	100.00	100.00	100.00	100.00	100.00	100.00	100.00	100.00	100.00	100.00	99.26	.	100.00	100.00	100.00	100.00	100.00	100.00	100.00	100.00	100.00	100.00	100.00	100.00	.	100.00	100.00	100.00	100.00	.	.	100.00	97.80	.	100.00	100.00	100.00
AI-5395_59_61_assembly_Abricate_card.tsv	55	.	.	100.00	.	.	.	.	100.00	.	.	.	100.00	.	.	.	.	100.00	.	100.00	100.00	100.00	100.00	100.00	99.92	.	100.00	100.00	.	.	.	.	100.00	.	.	.	100.00	.	100.00	100.00	100.00	100.00	100.00	99.76	100.00	100.00	.	.	.	100.00	.	100.00	.	.	.	.	100.00	100.00	100.00	100.00	100.00	100.00	100.00	100.00	86.50	100.00	100.00	99.26	.	100.00	100.00	100.00	100.00	100.00	100.00	100.00	100.00	100.00	100.00	100.00	100.00	.	100.00	100.00	100.00	.	.	.	.	97.80	.	100.00	100.00	100.00
AI-5395_5_5_assembly_Abricate_card.tsv	46	.	.	.	.	.	.	.	.	.	.	.	100.00	.	.	.	.	.	.	100.00	100.00	100.00	100.00	.	100.00	.	.	100.00	.	.	.	.	100.00	.	.	.	.	.	100.00	100.00	100.00	100.00	100.00	99.76	99.86	100.00	.	.	.	100.00	.	.	.	.	.	.	100.00	100.00	100.00	100.00	100.00	100.00	100.00	100.00	.	100.00	100.00	99.71	.	100.00	100.00	100.00	100.00	100.00	100.00	100.00	100.00	100.00	100.00	100.00	100.00	.	100.00	100.00	100.00	.	.	.	.	.	.	100.00	100.00	100.00
AI-5395_60_62_assembly_Abricate_card.tsv	49	.	.	.	82.20	.	.	.	.	.	.	.	100.00	.	.	.	100.00	.	.	100.00	100.00	100.00	100.00	86.79	100.00	.	.	100.00	.	.	.	.	.	.	86.64	.	.	.	100.00	100.00	100.00	100.00	100.00	100.00	100.00	100.00	.	.	.	100.00	100.00	.	.	.	.	.	100.00	100.00	100.00	100.00	100.00	100.00	100.00	100.00	.	100.00	100.00	100.00	.	100.00	100.00	100.00	100.00	100.00	100.00	100.00	100.00	98.30	100.00	100.00	100.00	.	99.58	100.00	100.00	.	.	.	.	.	.	100.00	.	100.00
AI-5395_61_63_assembly_Abricate_card.tsv	53	.	.	.	.	100.00	.	100.00	.	100.00	.	.	100.00	.	100.00	.	.	.	.	100.00	100.00	100.00	100.00	100.00	100.00	.	.	100.00	.	.	.	.	100.00	.	.	100.00	.	.	100.00	100.00	100.00	100.00	100.00	100.00	100.00	100.00	.	.	.	100.00	.	.	.	.	.	.	100.00	100.00	100.00	100.00	100.00	100.00	100.00	100.00	.	100.00	100.00	100.00	.	100.00	100.00	100.00	100.00	100.00	100.00	100.00	100.00	100.00	100.00	100.00	100.00	99.67	100.00	100.00	100.00	.	.	.	.	97.80	.	100.00	.	100.00
AI-5395_62_64_assembly_Abricate_card.tsv	51	.	.	.	82.20	.	.	.	.	.	.	.	100.00	.	.	.	100.00	.	.	100.00	100.00	100.00	100.00	86.79	100.00	.	.	100.00	.	.	100.00	.	.	.	86.64	.	.	.	100.00	100.00	100.00	100.00	100.00	100.00	100.00	100.00	.	.	.	100.00	100.00	.	.	.	.	.	100.00	100.00	100.00	100.00	100.00	100.00	100.00	100.00	.	100.00	100.00	100.00	.	100.00	100.00	100.00	100.00	100.00	100.00	100.00	100.00	98.30	100.00	100.00	100.00	.	99.58	100.00	100.00	.	.	.	.	97.80	.	100.00	.	100.00
AI-5395_63_65_assembly_Abricate_card.tsv	45	.	.	.	.	.	.	.	.	.	.	.	100.00	.	.	.	.	.	.	100.00	100.00	100.00	100.00	.	100.00	.	.	100.00	.	.	.	.	.	.	.	.	.	.	100.00	100.00	100.00	100.00	100.00	99.76	100.00	100.00	.	.	.	100.00	.	.	.	.	.	.	100.00	100.00	100.00	100.00	100.00	100.00	100.00	100.00	.	100.00	100.00	100.00	.	100.00	100.00	100.00	100.00	100.00	100.00	100.00	100.00	100.00	100.00	100.00	100.00	.	100.00	100.00	100.00	.	.	.	.	.	.	100.00	100.00	100.00
AI-5395_64_66_assembly_Abricate_card.tsv	54	100.00	.	.	.	100.00	.	.	.	100.00	.	.	100.00	.	.	.	.	100.00	.	100.00	100.00	100.00	100.00	100.00	100.00	100.00	.	100.00	.	.	.	.	100.00	.	.	.	.	.	100.00	100.00	100.00	100.00	100.00	99.76	100.00	100.00	.	.	.	100.00	.	.	.	.	.	.	100.00	100.00	100.00	100.00	100.00	100.00	.	100.00	100.00	100.00	100.00	99.26	.	100.00	100.00	100.00	100.00	100.00	100.00	100.00	100.00	100.00	100.00	100.00	100.00	.	99.58	100.00	100.00	.	.	100.00;100.00	.	100.00	.	100.00	100.00	100.00
AI-5395_65_67_assembly_Abricate_card.tsv	49	.	.	.	.	.	.	.	.	.	.	.	100.00	.	.	.	.	100.00	.	100.00	100.00	.	100.00	100.00	100.00	100.00	.	100.00	.	.	.	.	.	.	.	.	.	.	100.00	100.00	100.00	100.00	100.00	100.00	100.00	100.00	.	.	.	100.00	.	.	.	.	.	.	100.00	100.00	100.00	100.00	100.00	100.00	100.00	100.00	.	100.00	100.00	100.00	.	100.00	100.00	100.00	100.00	100.00	100.00	100.00	100.00	100.00	100.00	100.00	100.00	99.89	100.00	100.00	100.00	.	.	.	.	97.80	.	100.00	100.00	100.00
AI-5395_66_68_assembly_Abricate_card.tsv	54	.	.	.	.	100.00	.	.	.	100.00	.	.	100.00	.	100.00	.	100.00	.	.	100.00	100.00	100.00	100.00	.	100.00	.	.	100.00	.	.	.	100.00	100.00	.	86.64	.	.	.	100.00	100.00	100.00	100.00	100.00	100.00	100.00	100.00	.	.	.	100.00	.	.	.	.	.	.	100.00	100.00	100.00	100.00	100.00	100.00	100.00	100.00	.	100.00	100.00	100.00	.	100.00	100.00	100.00	100.00	100.00	100.00	100.00	100.00	98.30	100.00	100.00	100.00	100.00	100.00	100.00	100.00	.	.	100.00	.	97.80	.	100.00	.	100.00
AI-5395_67_69_assembly_Abricate_card.tsv	60	.	.	.	.	100.00	100.00	99.75	.	100.00	.	.	100.00	.	.	.	100.00	.	.	100.00	100.00	100.00	100.00	.	100.00	100.00	.	100.00	.	.	100.00	.	100.00	.	86.64	.	.	100.00	100.00	100.00	100.00	100.00	100.00	100.00	100.00	100.00	100.00	.	.	100.00	.	.	.	.	100.00	.	100.00	100.00	100.00	100.00	100.00	100.00	100.00	100.00	.	100.00	100.00	100.00	.	100.00	100.00	100.00	100.00	100.00	100.00	100.00	100.00	98.30	100.00	100.00	100.00	100.00	100.00	100.00	100.00	.	100.00	100.00	.	.	100.00	100.00	.	100.00
AI-5395_68_70_assembly_Abricate_card.tsv	58	100.00	.	.	.	100.00	.	.	.	100.00	.	.	100.00	.	.	.	.	.	100.00	100.00	100.00	100.00	100.00	.	100.00	.	.	100.00	.	.	100.00	.	100.00	.	.	.	.	100.00	100.00	100.00	100.00	100.00	100.00	100.00	100.00	100.00	.	.	.	100.00	.	.	.	.	100.00	.	100.00	100.00	100.00	100.00	100.00	100.00	100.00	100.00	100.00	100.00	100.00	99.71	.	100.00	100.00	100.00	100.00	100.00	100.00	100.00	100.00	100.00	100.00	100.00	100.00	100.00	99.58	100.00	100.00	.	100.00	100.00	.	100.00	.	100.00	100.00	100.00
AI-5395_69_71_assembly_Abricate_card.tsv	57	100.00	.	.	.	100.00	.	.	.	100.00	.	.	100.00	.	.	.	.	.	100.00	100.00	100.00	100.00	100.00	.	100.00	.	.	100.00	.	.	100.00	.	100.00	.	.	.	.	100.00	100.00	100.00	100.00	100.00	100.00	100.00	100.00	100.00	.	.	.	100.00	.	.	.	.	100.00	.	100.00	100.00	100.00	100.00	100.00	100.00	100.00	100.00	.	100.00	100.00	99.71	.	100.00	100.00	100.00	100.00	100.00	100.00	100.00	100.00	100.00	100.00	100.00	100.00	100.00	99.58	100.00	100.00	.	100.00	100.00	.	99.76	.	100.00	100.00	100.00
AI-5395_6_6_assembly_Abricate_card.tsv	49	.	.	.	.	.	.	.	.	.	.	.	100.00	.	.	.	100.00	.	.	100.00	100.00	99.92	100.00	100.00	100.00	100.00	.	100.00	.	.	.	.	.	.	86.64	.	.	.	100.00	100.00	100.00	100.00	100.00	99.76	100.00	100.00	.	.	.	100.00	.	.	.	.	.	.	100.00	100.00	100.00	100.00	100.00	100.00	100.00	100.00	.	100.00	100.00	99.12	.	100.00	100.00	100.00	100.00	100.00	100.00	100.00	100.00	100.00	100.00	100.00	100.00	.	99.58	100.00	100.00	.	.	.	.	.	.	100.00	100.00	100.00
AI-5395_70_72_assembly_Abricate_card.tsv	45	.	.	.	.	.	.	.	.	.	.	.	100.00	.	.	.	.	.	.	100.00	100.00	100.00	100.00	.	100.00	.	.	100.00	.	.	.	.	.	.	.	.	.	.	100.00	100.00	100.00	100.00	100.00	100.00	100.00	100.00	.	.	.	100.00	.	.	.	.	.	.	100.00	100.00	100.00	100.00	100.00	100.00	100.00	100.00	.	100.00	100.00	100.00	.	100.00	100.00	100.00	100.00	100.00	100.00	100.00	100.00	98.30	100.00	100.00	100.00	.	100.00	100.00	100.00	.	.	.	.	97.80	.	100.00	.	100.00
AI-5395_71_73_assembly_Abricate_card.tsv	54	.	.	.	.	100.00	.	.	.	100.00	.	.	100.00	.	.	.	100.00	.	.	100.00	100.00	100.00	100.00	100.00	100.00	.	.	100.00	.	.	.	.	100.00	100.00	86.64	.	.	.	100.00	100.00	100.00	100.00	100.00	99.76	100.00	100.00	.	.	.	100.00	.	.	.	.	.	.	100.00	100.00	100.00	100.00	100.00	100.00	100.00	100.00	.	100.00	100.00	99.26	.	100.00	100.00	100.00	100.00	100.00	100.00	100.00	100.00	100.00	100.00	100.00	100.00	.	100.00	100.00	100.00	.	.	100.00	.	97.80	.	100.00	99.49	100.00
AI-5395_72_74_assembly_Abricate_card.tsv	54	.	100.00	.	.	100.00	.	99.75	.	100.00	.	.	100.00	.	.	.	100.00	.	.	100.00	100.00	100.00	100.00	.	100.00	.	.	100.00	.	.	.	.	.	.	.	.	.	100.00	100.00	100.00	100.00	100.00	100.00	100.00	100.00	100.00	.	.	.	100.00	.	.	.	.	100.00	.	100.00	100.00	100.00	100.00	100.00	100.00	100.00	100.00	.	100.00	100.00	100.00	.	100.00	100.00	100.00	100.00	100.00	100.00	100.00	100.00	98.30	100.00	100.00	100.00	.	100.00	100.00	100.00	.	86.79	100.00	.	.	100.00	100.00	.	100.00
AI-5395_7_7_assembly_Abricate_card.tsv	50	.	.	.	.	.	.	.	.	.	.	.	100.00	.	.	.	100.00	.	.	100.00	100.00	100.00	100.00	.	100.00	100.00	.	100.00	.	.	.	.	100.00	.	86.64	.	.	100.00	100.00	100.00	100.00	100.00	100.00	99.76	100.00	100.00	.	.	.	100.00	.	.	.	.	100.00	.	100.00	100.00	100.00	100.00	.	100.00	100.00	89.51	.	100.00	100.00	99.26	.	100.00	100.00	100.00	100.00	100.00	100.00	100.00	100.00	100.00	100.00	100.00	100.00	.	99.58	100.00	100.00	.	.	.	.	.	100.00	100.00	.	100.00
AI-5395_8_8_assembly_Abricate_card.tsv	56	.	.	.	82.51	.	.	100.00	.	.	.	.	100.00	.	.	.	100.00	.	.	100.00	100.00	100.00	100.00	100.00	100.00	100.00	.	100.00	.	.	.	100.00	.	.	86.64	.	.	.	100.00	100.00	100.00	100.00	100.00	99.76	100.00	100.00	.	.	.	100.00	.	.	100.00	.	.	.	100.00	100.00	100.00	100.00	100.00	100.00	100.00	100.00	.	100.00	100.00	99.26	.	100.00	100.00	100.00	100.00	100.00	100.00	100.00	100.00	100.00	100.00	100.00	100.00	.	99.58	100.00	100.00	100.00	.	.	100.00	97.80	.	100.00	99.49	100.00
AI-5395_9_9_assembly_Abricate_card.tsv	50	.	.	.	.	.	100.00	.	.	.	.	.	100.00	.	.	.	100.00	.	.	100.00	100.00	100.00	100.00	.	100.00	100.00	.	100.00	100.00	.	.	.	.	.	86.64	.	.	.	100.00	100.00	100.00	100.00	100.00	100.00	100.00	100.00	.	.	.	100.00	.	.	.	.	.	.	100.00	100.00	100.00	100.00	100.00	100.00	100.00	100.00	.	100.00	100.00	100.00	.	100.00	100.00	100.00	100.00	100.00	100.00	100.00	100.00	100.00	100.00	100.00	100.00	.	100.00	100.00	100.00	.	.	.	.	.	.	100.00	99.49	100.00
