#FILE	NUM_FOUND	afaD	afaF-III	aslA	astA	cdtA	cdtB	cdtC	cesAB	cesD	cesD2	cesL	cesT	chuA	chuS	chuT	chuU	chuV	chuW	chuX	chuY	csgB	csgD	csgE	csgF	csgG	draA	draB	draC	draP	eae	entA	entB	entC	entD	entE	entF	entS	escC	escD	escE	escF	escG	escI	escJ	escL	escN	escO	escP	escR	escS	escT	escU	escV	espA	espB	espD	espF	espG	espJ	espL1	espL4	espR1	espR3	espR4	espX1	espX2	espX4	espX5	espY1	espY2	espY3	espY4	etgA	faeC	faeD	faeE	faeF	faeH	faeI	fdeC	fepA	fepB	fepC	fepD	fepG	fes	fimA	fimB	fimC	fimD	fimE	fimF	fimG	fimH	fimI	fliG	fyuA	gspC	gspD	gspE	gspF	gspG	gspH	gspI	gspJ	gspK	gspL	gspM	gtrA	gtrB	ibeA	iroB	iroC	iroD	iroE	iroN	irp1	irp2	iucA	iucB	iucC	iucD	iutA	kpsD	kpsM	kpsT	map	nleB2	nleF	nleH2	ompA	paa	papB	papC	papD	papE	papF	papG	papH	papI	papJ	papK	papX	pic	sat	senB	sepD	sepL	sepQ/escQ	sepZ/espZ	sfaC	sfaX	shuA	shuS	shuT	shuX	shuY	stcE	tir	vat	yagV/ecpE	yagW/ecpD	yagX/ecpC	yagY/ecpB	yagZ/ecpA	ybtA	ybtE	ybtP	ybtQ	ybtS	ybtT	ybtU	ybtX	ykgK/ecpR
AI-5393*_Abricate_vfdb.tsv	0	.	.	.	.	.	.	.	.	.	.	.	.	.	.	.	.	.	.	.	.	.	.	.	.	.	.	.	.	.	.	.	.	.	.	.	.	.	.	.	.	.	.	.	.	.	.	.	.	.	.	.	.	.	.	.	.	.	.	.	.	.	.	.	.	.	.	.	.	.	.	.	.	.	.	.	.	.	.	.	.	.	.	.	.	.	.	.	.	.	.	.	.	.	.	.	.	.	.	.	.	.	.	.	.	.	.	.	.	.	.	.	.	.	.	.	.	.	.	.	.	.	.	.	.	.	.	.	.	.	.	.	.	.	.	.	.	.	.	.	.	.	.	.	.	.	.	.	.	.	.	.	.	.	.	.	.	.	.	.	.	.	.	.	.	.	.	.	.	.	.	.	.	.	.
AI-5395_10_10_assembly_Abricate_vfdb.tsv	52	.	.	100.00	.	.	.	.	.	.	.	.	.	.	.	.	.	.	.	.	.	99.78	100.00	.	99.04	100.00	.	.	.	.	.	100.00	100.00	100.00	100.00	100.00	99.28	100.00	.	.	.	.	.	.	.	.	.	.	.	.	.	.	.	.	.	.	.	.	.	.	100.00	100.00	.	.	99.56	100.00	.	92.03	100.00	99.87	.	.	.	.	.	.	.	.	.	.	99.88	100.00	100.00	100.00	100.00	100.00	100.00	100.00	100.00	100.00	100.00	99.66	100.00	100.00	100.00	100.00	.	.	.	.	.	.	.	.	.	.	.	.	.	.	.	.	99.91	100.00	100.00	100.00	100.00	.	.	100.00	100.00	100.00	98.80	99.96	.	.	.	.	.	.	.	100.00	.	.	.	.	.	.	.	.	.	.	.	.	.	.	.	.	.	.	.	.	.	.	.	.	.	.	.	.	.	99.74	100.00	100.00	100.00	100.00	.	.	.	.	.	.	.	.	100.00
AI-5395_11_11_assembly_Abricate_vfdb.tsv	42	.	.	100.00	.	.	.	.	.	.	.	.	.	.	.	.	.	.	.	.	.	99.78	100.00	.	99.04	100.00	.	.	.	.	.	100.00	100.00	100.00	100.00	100.00	99.28	100.00	.	.	.	.	.	.	.	.	.	.	.	.	.	.	.	.	.	.	.	.	.	.	100.00	.	83.73	.	.	99.93	.	99.94	100.00	.	.	.	.	.	.	.	.	.	.	.	99.88	100.00	100.00	100.00	100.00	100.00	100.00	100.00	100.00	100.00	100.00	100.00	100.00	100.00	100.00	100.00	.	.	.	.	.	.	.	.	.	.	.	100.00	100.00	.	.	.	.	.	.	.	.	.	.	.	.	.	.	.	.	.	.	.	.	.	.	100.00	.	.	.	.	.	.	.	.	.	.	.	.	.	.	.	.	.	.	.	.	.	.	.	.	.	.	.	.	.	99.74	100.00	100.00	100.00	100.00	.	.	.	.	.	.	.	.	100.00
AI-5395_12_12_assembly_Abricate_vfdb.tsv	61	.	.	.	100.00	.	.	.	.	.	.	.	.	.	.	.	.	.	.	.	.	99.78	100.00	.	99.04	100.00	.	.	.	.	.	100.00	100.00	100.00	100.00	100.00	98.66	100.00	.	.	.	.	.	.	.	.	.	.	.	.	.	.	.	.	.	.	.	.	.	.	100.00	.	83.81	.	.	100.00	.	99.94	100.00	.	.	.	.	.	.	.	.	.	.	.	99.41	100.00	100.00	100.00	100.00	100.00	100.00	100.00	100.00	100.00	100.00	100.00	100.00	100.00	100.00	100.00	.	.	100.00	100.00	100.00	100.00	100.00	100.00	100.00	100.00	100.00	100.00	100.00	.	.	.	99.91	100.00	100.00	100.00	100.00	.	.	100.00	100.00	100.00	98.80	99.96	.	.	.	.	.	.	.	100.00	.	.	.	.	.	.	.	.	.	.	.	.	.	.	.	.	.	.	.	.	.	.	.	.	.	.	.	.	.	99.74	100.00	100.00	100.00	100.00	.	.	.	.	.	.	.	.	100.00
AI-5395_13_13_assembly_Abricate_vfdb.tsv	79	.	.	100.00	.	.	.	.	.	.	.	.	.	.	.	100.00	100.00	100.00	100.00	.	100.00	99.78	100.00	.	99.04	100.00	.	.	.	.	.	100.00	100.00	100.00	100.00	100.00	99.28	100.00	.	.	.	.	.	.	.	.	.	.	.	.	.	.	.	.	.	.	.	.	.	.	100.00	.	.	.	.	.	.	.	.	.	.	.	.	.	.	.	.	.	.	.	99.93	99.96	100.00	100.00	100.00	100.00	100.00	100.00	100.00	100.00	100.00	100.00	100.00	100.00	100.00	100.00	.	100.00	100.00	100.00	100.00	100.00	100.00	100.00	100.00	100.00	100.00	100.00	100.00	.	.	.	99.91	100.00	100.00	100.00	100.00	100.00	99.98	100.00	100.00	100.00	98.80	99.96	.	.	.	.	.	.	.	100.00	.	99.37	.	.	.	.	.	.	94.44	.	.	.	.	.	.	.	.	.	.	.	.	100.00	100.00	.	100.00	.	.	.	100.00	99.74	100.00	100.00	100.00	100.00	100.00	100.00	100.00	100.00	100.00	100.00	100.00	100.00	100.00
AI-5395_14_14_assembly_Abricate_vfdb.tsv	79	.	.	100.00	.	.	.	.	.	.	.	.	.	100.00	100.00	100.00	100.00	100.00	100.00	100.00	100.00	99.78	100.00	.	99.04	100.00	.	.	.	.	.	100.00	100.00	100.00	85.86	100.00	99.28	100.00	.	.	.	.	.	.	.	.	.	.	.	.	.	.	.	.	.	.	.	.	.	.	.	.	.	.	.	.	.	.	.	.	.	.	.	.	.	.	.	.	.	.	100.00	100.00	100.00	100.00	100.00	100.00	100.00	100.00	100.00	100.00	100.00	100.00	100.00	100.00	100.00	100.00	.	100.00	100.00	100.00	100.00	100.00	100.00	100.00	100.00	100.00	100.00	100.00	99.76	.	.	.	.	.	.	.	.	100.00	99.95	100.00	100.00	100.00	98.80	99.96	100.00	100.00	100.00	.	.	.	.	100.00	.	99.68	.	.	.	.	.	.	100.00	.	.	100.00	.	100.00	99.91	.	.	.	.	.	.	.	.	.	.	.	.	.	100.00	99.74	100.00	100.00	100.00	100.00	100.00	100.00	100.00	100.00	100.00	100.00	100.00	100.00	100.00
AI-5395_15_15_assembly_Abricate_vfdb.tsv	60	.	.	.	.	.	.	.	.	.	.	.	.	.	.	.	.	.	.	.	.	99.78	100.00	.	99.04	100.00	.	.	.	.	.	100.00	100.00	100.00	100.00	100.00	98.66	100.00	.	.	.	.	.	.	.	.	.	.	.	.	.	.	.	.	.	.	.	.	.	.	98.42	.	83.81	.	99.47	99.93	.	99.94	100.00	.	.	.	.	.	.	.	.	.	.	.	99.76	100.00	100.00	100.00	100.00	100.00	100.00	99.83	100.00	100.00	100.00	100.00	100.00	100.00	100.00	100.00	.	.	100.00	100.00	100.00	100.00	100.00	100.00	100.00	100.00	100.00	100.00	100.00	.	.	.	.	.	.	.	.	.	.	100.00	100.00	100.00	98.80	99.96	.	.	.	.	.	.	.	100.00	.	99.37;99.37	.	.	.	100.00	100.00	.	94.44;94.44	.	.	.	.	.	.	.	.	.	.	.	.	.	.	.	.	.	.	.	.	99.74	100.00	100.00	100.00	100.00	.	.	.	.	.	.	.	.	100.00
AI-5395_16_16_assembly_Abricate_vfdb.tsv	50	.	.	.	.	.	.	.	.	.	.	.	.	.	.	.	.	.	.	.	.	99.78	100.00	.	99.04	100.00	.	.	.	.	.	100.00	100.00	100.00	100.00	100.00	99.28	100.00	.	.	.	.	.	.	.	.	.	.	.	.	.	.	.	.	.	.	.	.	.	.	98.42	.	83.81	.	.	100.00	.	99.94	100.00	.	.	.	.	.	.	.	.	.	.	.	99.41	100.00	100.00	100.00	100.00	100.00	100.00	99.83	100.00	100.00	100.00	100.00	100.00	100.00	100.00	100.00	.	.	100.00	100.00	100.00	100.00	100.00	100.00	100.00	100.00	100.00	100.00	100.00	.	.	.	.	.	.	.	.	.	.	.	.	.	.	.	.	.	.	.	.	.	.	100.00	.	.	.	.	.	.	.	.	.	.	.	.	.	.	.	.	.	.	.	.	.	.	.	.	.	.	.	.	.	99.74	100.00	100.00	100.00	100.00	.	.	.	.	.	.	.	.	100.00
AI-5395_17_17_assembly_Abricate_vfdb.tsv	51	.	.	.	.	.	.	.	.	.	.	.	.	.	.	.	.	.	.	.	.	99.78	100.00	.	99.04	100.00	.	.	.	.	.	100.00	100.00	100.00	100.00	100.00	99.28	100.00	.	.	.	.	.	.	.	.	.	.	.	.	.	.	.	.	.	.	.	.	.	.	98.42	.	83.81	.	.	99.93	.	99.94	100.00	.	.	.	.	.	.	.	.	.	.	.	99.41	100.00	100.00	100.00	100.00	100.00	100.00	99.83	100.00	100.00	100.00	100.00	100.00	100.00	100.00	100.00	.	.	100.00	100.00	100.00	100.00	100.00	100.00	100.00	100.00	100.00	100.00	100.00	.	.	.	.	.	.	.	.	.	.	.	.	.	.	.	.	.	.	.	.	.	.	100.00	99.08	.	.	.	.	.	.	.	.	.	.	.	.	.	.	.	.	.	.	.	.	.	.	.	.	.	.	.	.	99.74	100.00	100.00	100.00	100.00	.	.	.	.	.	.	.	.	100.00
AI-5395_18_18_assembly_Abricate_vfdb.tsv	79	.	.	100.00	.	.	.	.	.	.	.	.	.	100.00	100.00	100.00	100.00	100.00	100.00	100.00	100.00	99.78	100.00	.	99.04	100.00	.	.	.	.	.	100.00	100.00	100.00	85.86	100.00	99.28	100.00	.	.	.	.	.	.	.	.	.	.	.	.	.	.	.	.	.	.	.	.	.	.	.	.	.	.	.	.	.	.	.	.	.	.	.	.	.	.	.	.	.	.	100.00	100.00	100.00	100.00	100.00	100.00	100.00	100.00	100.00	100.00	100.00	100.00	100.00	100.00	100.00	100.00	.	100.00	100.00	100.00	100.00	100.00	100.00	100.00	100.00	100.00	100.00	100.00	99.76	.	.	.	.	.	.	.	.	100.00	99.95	100.00	100.00	100.00	98.80	99.96	100.00	100.00	100.00	.	.	.	.	100.00	.	99.68	.	.	.	.	.	.	100.00	.	.	100.00	.	100.00	99.91	.	.	.	.	.	.	.	.	.	.	.	.	.	100.00	99.74	100.00	100.00	100.00	100.00	100.00	100.00	100.00	100.00	100.00	100.00	100.00	100.00	100.00
AI-5395_19_19_assembly_Abricate_vfdb.tsv	50	.	.	.	.	.	.	.	.	.	.	.	.	.	.	.	.	.	.	.	.	99.78	100.00	.	99.04	100.00	.	.	.	.	.	100.00	100.00	100.00	100.00	100.00	99.28	100.00	.	.	.	.	.	.	.	.	.	.	.	.	.	.	.	.	.	.	.	.	.	.	98.42	.	83.81	.	.	100.00	.	99.94	100.00	.	.	.	.	.	.	.	.	.	.	.	99.41	100.00	100.00	100.00	100.00	100.00	100.00	99.83	100.00	100.00	100.00	100.00	100.00	100.00	100.00	100.00	.	.	100.00	100.00	100.00	100.00	100.00	100.00	100.00	100.00	100.00	100.00	100.00	.	.	.	.	.	.	.	.	.	.	.	.	.	.	.	.	.	.	.	.	.	.	100.00	.	.	.	.	.	.	.	.	.	.	.	.	.	.	.	.	.	.	.	.	.	.	.	.	.	.	.	.	.	99.74	100.00	100.00	100.00	100.00	.	.	.	.	.	.	.	.	100.00
AI-5395_1_1_assembly_Abricate_vfdb.tsv	60	.	.	.	.	.	.	.	.	.	.	.	.	.	.	.	.	.	.	.	.	99.78	100.00	.	99.04	100.00	.	.	.	.	.	100.00	100.00	100.00	100.00	100.00	90.57	100.00	.	.	.	.	.	.	.	.	.	.	.	.	.	.	.	.	.	.	.	.	.	.	98.42	.	83.81	.	.	99.93	.	99.94	100.00	.	.	.	.	.	.	.	.	.	.	.	99.76	100.00	100.00	100.00	100.00	100.00	100.00	99.83	100.00	100.00	100.00	100.00	100.00	100.00	100.00	100.00	.	.	100.00	100.00	100.00	100.00	100.00	100.00	100.00	100.00	100.00	100.00	100.00	.	.	.	99.91	100.00	100.00	100.00	100.00	.	.	100.00	100.00	100.00	98.80	99.96	.	.	.	.	.	.	.	100.00	.	.	.	.	.	.	.	.	.	.	.	.	.	.	.	.	.	.	.	.	.	.	.	.	.	.	.	.	.	99.74	100.00	100.00	100.00	100.00	.	.	.	.	.	.	.	.	100.00
AI-5395_20_20_assembly_Abricate_vfdb.tsv	79	.	.	100.00	.	.	.	.	.	.	.	.	.	100.00	100.00	100.00	100.00	100.00	100.00	100.00	100.00	99.78	100.00	.	99.04	100.00	.	.	.	.	.	100.00	100.00	100.00	85.86	100.00	99.28	100.00	.	.	.	.	.	.	.	.	.	.	.	.	.	.	.	.	.	.	.	.	.	.	.	.	.	.	.	.	.	.	.	.	.	.	.	.	.	.	.	.	.	.	100.00	100.00	100.00	100.00	100.00	100.00	100.00	100.00	100.00	100.00	100.00	100.00	100.00	100.00	100.00	100.00	.	100.00	100.00	100.00	100.00	100.00	100.00	100.00	100.00	100.00	100.00	100.00	99.76	.	.	.	.	.	.	.	.	100.00	99.95	100.00	100.00	100.00	98.80	99.96	100.00	100.00	100.00	.	.	.	.	100.00	.	99.68	.	.	.	.	.	.	100.00	.	.	100.00	.	100.00	99.91	.	.	.	.	.	.	.	.	.	.	.	.	.	100.00	99.74	100.00	100.00	100.00	100.00	100.00	100.00	100.00	100.00	100.00	100.00	100.00	100.00	100.00
AI-5395_21_21_assembly_Abricate_vfdb.tsv	68	.	.	100.00	.	.	.	.	.	.	.	.	.	.	100.00	.	100.00	100.00	100.00	.	100.00	99.78	100.00	.	99.04	100.00	.	.	.	.	.	100.00	100.00	100.00	100.00	100.00	99.28	100.00	.	.	.	.	.	.	.	.	.	.	.	.	.	.	.	.	.	.	.	.	.	.	100.00	100.00	99.44	100.00	97.28	100.00	.	100.00	100.00	99.47	100.00	100.00	100.00	.	.	.	.	.	.	.	100.00	100.00	100.00	100.00	100.00	100.00	100.00	100.00	100.00	100.00	100.00	100.00	100.00	100.00	100.00	100.00	.	.	100.00	100.00	100.00	100.00	100.00	100.00	100.00	100.00	100.00	100.00	99.76	.	.	.	.	.	.	.	.	.	.	.	.	.	.	.	100.00	100.00	.	.	.	.	.	100.00	.	.	.	.	.	.	.	.	.	.	.	.	.	.	.	.	.	.	.	.	.	100.00	.	100.00	100.00	.	.	.	.	99.74	100.00	100.00	100.00	100.00	.	.	.	.	.	.	.	.	100.00
AI-5395_22_22_assembly_Abricate_vfdb.tsv	43	.	.	.	.	.	.	.	.	.	.	.	.	.	.	.	.	.	.	.	.	99.78	100.00	.	99.04	100.00	.	.	.	.	.	100.00	100.00	100.00	100.00	100.00	98.66	100.00	.	.	.	.	.	.	.	.	.	.	.	.	.	.	.	.	.	.	.	.	.	.	100.00	.	83.81	.	.	100.00	.	99.94	100.00	.	.	.	.	.	.	.	.	.	.	.	99.41	100.00	100.00	100.00	100.00	100.00	100.00	100.00	100.00	100.00	100.00	100.00	100.00	100.00	100.00	100.00	.	.	.	.	.	.	.	.	.	.	.	.	.	.	.	.	99.91	100.00	100.00	100.00	100.00	.	.	100.00	100.00	100.00	98.80	99.96	.	.	.	.	.	.	.	100.00	.	.	.	.	.	.	.	.	.	.	.	.	.	.	.	.	.	.	.	.	.	.	.	.	.	.	.	.	.	.	.	.	.	.	.	.	.	.	.	.	.	.	.
AI-5395_23_23_assembly_Abricate_vfdb.tsv	51	.	.	.	.	.	.	.	.	.	.	.	.	.	.	.	.	.	.	.	.	99.78	100.00	.	99.04	100.00	.	.	.	.	.	100.00	100.00	100.00	100.00	100.00	99.28	100.00	.	.	.	.	.	.	.	.	.	.	.	.	.	.	.	.	.	.	.	.	.	.	100.00	.	83.81	.	.	100.00	.	99.94	100.00	.	.	.	.	.	.	.	.	.	.	.	99.76	100.00	100.00	100.00	100.00	100.00	100.00	100.00	100.00	100.00	100.00	100.00	100.00	100.00	100.00	100.00	.	.	100.00	100.00	100.00	100.00	100.00	100.00	100.00	100.00	100.00	100.00	100.00	.	.	.	.	.	.	.	.	.	.	.	.	.	.	.	.	.	.	.	.	.	.	100.00	.	.	.	.	.	.	.	.	.	.	.	.	99.51	.	.	.	.	.	.	.	.	.	.	.	.	.	.	.	.	99.74	100.00	100.00	100.00	100.00	.	.	.	.	.	.	.	.	100.00
AI-5395_24_24_assembly_Abricate_vfdb.tsv	49	.	.	.	.	.	.	.	.	.	.	.	.	.	.	.	.	.	.	.	.	99.78	100.00	.	99.04	100.00	.	.	.	.	.	100.00	100.00	100.00	100.00	100.00	99.28	100.00	.	.	.	.	.	.	.	.	.	.	.	.	.	.	.	.	.	.	.	.	.	.	98.42	.	83.81	.	.	100.00	.	99.94	100.00	.	.	.	.	.	.	.	.	.	.	.	99.41	100.00	100.00	100.00	100.00	100.00	100.00	100.00	100.00	100.00	100.00	100.00	100.00	100.00	100.00	100.00	.	.	.	.	.	.	.	.	.	.	.	.	.	.	.	.	99.91	100.00	100.00	100.00	100.00	.	.	100.00	100.00	100.00	98.80	99.96	.	.	.	.	.	.	.	100.00	.	.	.	.	.	.	.	.	.	.	.	.	.	.	.	.	.	.	.	.	.	.	.	.	.	.	.	.	.	99.74	100.00	100.00	100.00	100.00	.	.	.	.	.	.	.	.	100.00
AI-5395_25_25_assembly_Abricate_vfdb.tsv	76	.	.	100.00	.	.	.	.	.	.	.	.	.	.	.	.	100.00	100.00	100.00	.	100.00	99.78	100.00	.	99.04	100.00	.	.	.	.	.	100.00	100.00	100.00	100.00	100.00	99.28	100.00	.	.	.	.	.	.	.	.	.	.	.	.	.	.	.	.	.	.	.	.	.	.	100.00	100.00	99.29	.	.	100.00	99.95	100.00	100.00	95.62	100.00	100.00	100.00	.	.	.	.	.	.	.	99.76	100.00	100.00	100.00	100.00	100.00	100.00	100.00	100.00	100.00	100.00	99.66	100.00	100.00	100.00	100.00	.	.	100.00	100.00	100.00	100.00	100.00	100.00	100.00	100.00	100.00	100.00	99.76	.	.	.	99.91	100.00	100.00	100.00	100.00	.	.	100.00	100.00	100.00	98.80	99.96	100.00	.	.	.	.	.	.	100.00	.	.	.	.	.	.	.	.	.	.	.	.	.	.	.	.	.	.	.	.	.	100.00	100.00	100.00	100.00	.	.	.	.	99.74	100.00	100.00	100.00	100.00	.	.	.	.	.	.	.	.	100.00
AI-5395_26_26_assembly_Abricate_vfdb.tsv	77	.	.	100.00	100.00	.	.	.	.	.	.	.	.	.	100.00	100.00	100.00	100.00	100.00	100.00	100.00	99.78	100.00	.	99.04	100.00	.	.	.	.	.	100.00	99.77	100.00	82.23	100.00	99.28	100.00	.	.	.	.	.	.	.	.	.	.	.	.	.	.	.	.	.	.	.	.	.	.	100.00	.	99.29	.	.	.	.	100.00	.	.	100.00	.	99.79	.	.	.	.	.	.	.	100.00	100.00	100.00	100.00	100.00	100.00	100.00	99.67	100.00	100.00	100.00	100.00	100.00	100.00	100.00	100.00	.	.	100.00	100.00	100.00	100.00	100.00	100.00	100.00	100.00	100.00	100.00	99.76	.	.	.	.	.	.	.	.	.	.	100.00	100.00	100.00	98.80	99.96	100.00	100.00	.	.	.	.	.	100.00	.	100.00	100.00	100.00	100.00	100.00	.	91.67	.	100.00	100.00	100.00	.	.	.	.	.	.	.	82.81	.	100.00	.	.	.	.	.	.	.	99.74	100.00	100.00	100.00	100.00	.	.	.	.	.	.	.	.	100.00
AI-5395_27_27_assembly_Abricate_vfdb.tsv	68	.	.	100.00	.	.	.	.	.	.	.	.	.	.	.	.	100.00	100.00	100.00	.	100.00	99.78	100.00	.	99.04	100.00	.	.	.	.	.	100.00	100.00	100.00	100.00	100.00	99.25	100.00	.	.	.	.	.	.	.	.	.	.	.	.	.	.	.	.	.	.	.	.	.	.	100.00	100.00	99.44	.	99.47	100.00	.	100.00	100.00	99.87	96.49	100.00	100.00	.	.	.	.	.	.	.	99.76	100.00	100.00	100.00	100.00	100.00	100.00	99.83	100.00	100.00	100.00	100.00	100.00	100.00	100.00	100.00	.	.	100.00	100.00	100.00	100.00	100.00	100.00	100.00	100.00	100.00	100.00	96.93	100.00	.	.	.	.	.	.	.	.	.	.	.	.	.	.	100.00	100.00	.	.	.	.	.	100.00	.	.	.	.	.	.	.	.	.	.	.	.	.	.	.	.	.	.	.	.	.	100.00	100.00	100.00	100.00	.	.	.	.	99.74	100.00	100.00	100.00	100.00	.	.	.	.	.	.	.	.	100.00
AI-5395_28_28_assembly_Abricate_vfdb.tsv	83	.	.	.	.	.	.	.	100.00	100.00	100.00	100.00	100.00	.	.	.	.	.	.	.	.	99.78	100.00	.	99.04	100.00	.	.	.	.	89.22	100.00	100.00	100.00	100.00	100.00	99.28	100.00	100.00	100.00	100.00	100.00	100.00	100.00	100.00	100.00	100.00	100.00	100.00	100.00	100.00	100.00	100.00	100.00	100.00	100.00	100.00	82.20	100.00	99.69	100.00	.	83.73	100.00	.	99.86	.	99.94	100.00	.	.	.	.	100.00	.	.	.	.	.	.	.	100.00	100.00	100.00	100.00	100.00	100.00	100.00	100.00	100.00	100.00	99.66	100.00	100.00	100.00	100.00	.	.	100.00	100.00	100.00	100.00	100.00	100.00	100.00	100.00	100.00	100.00	100.00	.	.	.	.	.	.	.	.	.	.	.	.	.	.	.	.	.	.	100.00	100.00	100.00	99.89	100.00	.	.	.	.	.	.	.	.	.	.	.	.	.	.	.	100.00	100.00	100.00	100.00	.	.	.	.	.	.	.	99.85	98.57	.	.	.	.	.	.	.	.	.	.	.	.	.	.	.
AI-5395_29_29_assembly_Abricate_vfdb.tsv	81	100.00	100.00	100.00	.	.	.	.	.	.	.	.	.	.	100.00	.	100.00	100.00	100.00	.	100.00	99.78	100.00	.	99.04	100.00	100.00	100.00	100.00	100.00	.	100.00	100.00	100.00	100.00	100.00	99.28	100.00	.	.	.	.	.	.	.	.	.	.	.	.	.	.	.	.	.	.	.	.	.	.	100.00	100.00	99.44	.	97.19	100.00	.	100.00	100.00	99.47	100.00	100.00	100.00	.	.	.	.	.	.	.	100.00	100.00	100.00	100.00	100.00	100.00	100.00	.	.	.	.	.	.	.	.	.	.	100.00	100.00	100.00	100.00	100.00	100.00	100.00	100.00	100.00	100.00	100.00	99.76	.	.	.	.	.	.	.	.	100.00	100.00	100.00	100.00	100.00	98.80	99.96	100.00	100.00	.	.	.	.	.	100.00	.	.	.	.	.	.	.	.	.	.	.	100.00	.	.	.	.	.	.	.	.	.	100.00	.	100.00	100.00	.	.	.	.	99.74	100.00	100.00	100.00	100.00	100.00	100.00	100.00	100.00	100.00	100.00	100.00	100.00	100.00
AI-5395_2_2_assembly_Abricate_vfdb.tsv	63	.	.	100.00	100.00	.	.	.	.	.	.	.	.	.	.	.	.	.	.	.	.	99.78	100.00	.	99.04	100.00	.	.	.	.	.	100.00	100.00	100.00	100.00	100.00	99.28	100.00	.	.	.	.	.	.	.	.	.	.	.	.	.	.	.	.	.	.	.	.	.	.	100.00	100.00	83.65	.	.	100.00	.	99.94	100.00	99.87	.	.	.	.	.	.	.	.	.	.	99.88	100.00	100.00	100.00	100.00	100.00	100.00	100.00	100.00	100.00	100.00	99.66	100.00	100.00	100.00	100.00	.	.	100.00	100.00	100.00	100.00	100.00	99.81	100.00	100.00	100.00	100.00	100.00	.	.	.	99.91	100.00	100.00	100.00	100.00	.	.	100.00	100.00	100.00	98.80	99.96	.	.	.	.	.	.	.	100.00	.	.	.	.	.	.	.	.	.	.	.	.	.	.	.	.	.	.	.	.	.	.	.	.	.	.	.	.	.	99.74	100.00	100.00	100.00	100.00	.	.	.	.	.	.	.	.	.
AI-5395_30_30_assembly_Abricate_vfdb.tsv	57	.	.	.	.	.	.	.	.	.	.	.	.	.	.	.	.	.	.	.	.	99.78	100.00	98.48	99.04	100.00	.	.	.	.	.	100.00	100.00	100.00	100.00	100.00	99.28	100.00	.	.	.	.	.	.	.	.	.	.	.	.	.	.	.	.	.	.	.	.	.	.	100.00	.	83.81	.	.	100.00	.	99.94	100.00	.	.	.	.	.	100.00	99.79	99.74	99.59	100.00	100.00	99.41	100.00	100.00	100.00	100.00	100.00	100.00	100.00	100.00	100.00	100.00	100.00	100.00	100.00	100.00	100.00	.	.	100.00	100.00	100.00	100.00	100.00	100.00	100.00	100.00	100.00	100.00	100.00	.	.	.	.	.	.	.	.	.	.	.	.	.	.	.	.	.	.	.	.	.	.	100.00	.	.	.	.	.	.	.	.	.	.	.	.	.	.	.	.	.	.	.	.	.	.	.	.	.	.	.	.	.	99.74	100.00	100.00	100.00	100.00	.	.	.	.	.	.	.	.	100.00
AI-5395_31_31_assembly_Abricate_vfdb.tsv	59	.	.	100.00	.	.	.	.	.	.	.	.	.	.	.	.	100.00	100.00	100.00	.	.	99.78	100.00	.	99.04	100.00	.	.	.	.	.	100.00	100.00	100.00	100.00	100.00	99.28	100.00	.	.	.	.	.	.	.	.	.	.	.	.	.	.	.	.	.	.	.	.	.	.	100.00	100.00	99.44	.	98.51	100.00	100.00	100.00	100.00	.	100.00	100.00	100.00	.	.	.	.	.	.	.	99.13	100.00	100.00	100.00	100.00	100.00	100.00	.	.	.	.	.	100.00	100.00	100.00	.	.	.	100.00	100.00	100.00	100.00	100.00	100.00	100.00	100.00	100.00	100.00	100.00	.	.	.	.	.	.	.	.	.	.	.	.	.	.	.	.	.	.	.	.	.	.	100.00	.	.	.	.	.	.	.	.	.	.	.	.	.	.	.	.	.	.	.	.	.	100.00	100.00	100.00	100.00	99.36	.	.	.	99.74	100.00	100.00	100.00	100.00	.	.	.	.	.	.	.	.	100.00
AI-5395_32_32_assembly_Abricate_vfdb.tsv	38	.	.	100.00	.	.	.	.	.	.	.	.	.	.	.	.	.	.	.	.	.	99.78	100.00	.	99.04	100.00	.	.	.	.	.	100.00	100.00	100.00	100.00	100.00	99.28	100.00	.	.	.	.	.	.	.	.	.	.	.	.	.	.	.	.	.	.	.	.	.	.	100.00	100.00	.	.	.	99.93	.	99.94	100.00	99.87	.	.	.	.	.	.	.	.	.	.	.	100.00	100.00	100.00	100.00	100.00	100.00	.	.	.	.	.	.	.	.	.	.	.	.	.	.	.	.	.	.	.	.	.	100.00	.	.	.	99.91	100.00	100.00	100.00	100.00	.	.	100.00	100.00	100.00	98.80	99.96	.	.	.	.	.	.	.	100.00	.	99.37	.	.	.	.	.	.	94.44	.	.	.	.	.	.	.	.	.	.	.	.	.	.	.	.	.	.	.	.	.	.	.	.	.	.	.	.	.	.	.	.	.	.
AI-5395_33_33_assembly_Abricate_vfdb.tsv	53	.	.	.	.	100.00	100.00	100.00	.	.	.	.	.	.	.	.	.	.	.	.	.	99.78	100.00	.	99.04	100.00	.	.	.	.	.	100.00	100.00	100.00	100.00	100.00	99.28	100.00	.	.	.	.	.	.	.	.	.	.	.	.	.	.	.	.	.	.	.	.	.	.	100.00	.	83.81	.	.	100.00	.	99.94	100.00	.	.	.	.	.	.	.	.	.	.	.	99.41	100.00	100.00	100.00	100.00	100.00	100.00	99.83	100.00	100.00	100.00	100.00	100.00	100.00	100.00	100.00	.	.	100.00	100.00	100.00	100.00	100.00	100.00	100.00	100.00	100.00	100.00	100.00	.	.	.	.	.	.	.	.	.	.	.	.	.	.	.	.	.	.	.	.	.	.	100.00	.	.	.	.	.	.	.	.	.	.	.	.	.	.	.	.	.	.	.	.	.	.	.	.	.	.	.	.	.	99.74	100.00	100.00	100.00	100.00	.	.	.	.	.	.	.	.	100.00
AI-5395_34_34_assembly_Abricate_vfdb.tsv	72	.	.	.	100.00	.	.	.	.	.	.	.	.	.	.	.	.	.	.	.	.	99.78	100.00	.	99.04	100.00	.	.	.	.	.	100.00	100.00	100.00	100.00	100.00	99.28	100.00	.	.	.	.	.	.	.	.	.	.	.	.	.	.	.	.	.	.	.	.	.	.	100.00	.	83.81	.	.	99.93	.	99.94	100.00	.	.	.	.	.	.	.	.	.	.	.	99.76	100.00	100.00	100.00	100.00	100.00	100.00	99.83	100.00	100.00	100.00	100.00	100.00	100.00	100.00	100.00	.	100.00	100.00	100.00	100.00	100.00	100.00	100.00	100.00	100.00	100.00	100.00	100.00	.	.	.	99.91	100.00	100.00	100.00	100.00	100.00	100.00	100.00	100.00	100.00	98.80	99.96	.	.	.	.	.	.	.	100.00	.	.	.	.	.	.	.	.	.	.	.	.	.	.	.	.	.	.	.	.	.	.	.	.	.	.	.	.	.	99.74	100.00	100.00	100.00	100.00	100.00	100.00	100.00	100.00	100.00	100.00	100.00	100.00	100.00
AI-5395_35_35_assembly_Abricate_vfdb.tsv	54	.	.	.	.	.	.	.	.	.	.	.	.	.	.	.	.	.	.	.	.	99.78	100.00	.	99.04	100.00	.	.	.	.	.	100.00	100.00	100.00	100.00	100.00	99.28	100.00	.	.	.	.	.	.	.	.	.	.	.	.	.	.	.	.	.	.	.	.	.	.	100.00	.	83.81	.	.	100.00	.	99.94	100.00	.	.	.	.	.	.	.	.	.	.	.	99.41	100.00	100.00	100.00	100.00	100.00	100.00	99.83	100.00	100.00	100.00	100.00	100.00	100.00	100.00	100.00	.	.	100.00	100.00	100.00	100.00	100.00	100.00	100.00	100.00	100.00	100.00	100.00	.	.	.	.	.	.	.	.	.	.	100.00	100.00	100.00	98.80	99.96	.	.	.	.	.	.	.	100.00	.	.	.	.	.	.	.	.	.	.	.	.	.	.	.	.	.	.	.	.	.	.	.	.	.	.	.	.	.	99.74	100.00	100.00	100.00	100.00	.	.	.	.	.	.	.	.	.
AI-5395_36_36_assembly_Abricate_vfdb.tsv	56	.	.	.	.	.	.	.	.	.	.	.	.	.	.	.	.	.	.	.	.	99.78	100.00	.	99.04	100.00	.	.	.	.	.	100.00	100.00	100.00	100.00	100.00	98.66	100.00	.	.	.	.	.	.	.	.	.	.	.	.	.	.	.	.	.	.	.	.	.	.	100.00	.	83.81	.	.	100.00	.	99.94	100.00	.	.	.	.	.	100.00	99.79	99.74	99.59	100.00	100.00	99.41	100.00	100.00	100.00	100.00	100.00	100.00	100.00	100.00	100.00	100.00	100.00	100.00	100.00	100.00	100.00	.	.	100.00	100.00	100.00	100.00	100.00	100.00	100.00	100.00	100.00	100.00	100.00	.	.	.	.	.	.	.	.	.	.	.	.	.	.	.	.	.	.	.	.	.	.	100.00	.	.	.	.	.	.	.	.	.	.	.	.	.	.	.	.	.	.	.	.	.	.	.	.	.	.	.	.	.	99.74	100.00	100.00	100.00	100.00	.	.	.	.	.	.	.	.	100.00
AI-5395_37_37_assembly_Abricate_vfdb.tsv	48	.	.	.	.	.	.	.	.	.	.	.	.	.	.	.	.	.	.	.	.	99.78	100.00	.	99.04	100.00	.	.	.	.	.	100.00	100.00	100.00	100.00	100.00	99.28	100.00	.	.	.	.	.	.	.	.	.	.	.	.	.	.	.	.	.	.	.	.	.	.	100.00	.	83.81	.	.	.	.	99.94	100.00	.	.	.	.	.	.	.	.	.	.	.	99.76	100.00	100.00	100.00	100.00	100.00	100.00	100.00	.	100.00	100.00	100.00	100.00	100.00	100.00	100.00	.	.	100.00	100.00	100.00	100.00	100.00	100.00	100.00	100.00	100.00	100.00	100.00	.	.	.	.	.	.	.	.	.	.	.	.	.	.	.	.	.	.	.	.	.	.	100.00	.	.	.	.	.	.	.	.	.	.	.	.	.	.	.	.	.	.	.	.	.	.	.	.	.	.	.	.	.	99.74	100.00	100.00	100.00	100.00	.	.	.	.	.	.	.	.	100.00
AI-5395_38_38_assembly_Abricate_vfdb.tsv	64	.	.	.	.	.	.	.	.	.	.	.	.	.	.	.	.	.	.	.	.	99.78	100.00	.	99.04	100.00	.	.	.	.	.	100.00	100.00	100.00	100.00	100.00	98.66	100.00	.	.	.	.	.	.	.	.	.	.	.	.	.	.	.	.	.	.	.	.	.	.	99.89	.	83.81	.	.	99.86	.	99.94	100.00	.	.	.	.	.	.	.	.	.	.	.	99.88	100.00	100.00	100.00	100.00	100.00	100.00	99.83	100.00	100.00	100.00	100.00	100.00	100.00	100.00	100.00	.	100.00	100.00	100.00	99.93	100.00	100.00	100.00	100.00	100.00	100.00	100.00	99.76	100.00	96.56	.	.	.	.	.	.	100.00	100.00	.	.	.	.	.	100.00	.	.	.	.	.	.	100.00	.	.	.	.	.	.	.	.	.	.	.	.	.	.	.	.	.	.	.	.	.	.	.	.	.	.	.	.	.	99.74	100.00	100.00	100.00	100.00	100.00	100.00	100.00	100.00	100.00	100.00	100.00	100.00	100.00
AI-5395_39_39_assembly_Abricate_vfdb.tsv	39	.	.	.	.	.	.	.	.	.	.	.	.	.	.	.	.	.	.	.	.	99.78	100.00	.	99.04	100.00	.	.	.	.	.	100.00	100.00	100.00	100.00	100.00	99.28	100.00	.	.	.	.	.	.	.	.	.	.	.	.	.	.	.	.	.	.	.	.	.	.	100.00	.	83.81	.	.	100.00	.	99.94	100.00	.	.	.	.	.	.	.	.	.	.	.	99.41	100.00	100.00	100.00	100.00	100.00	100.00	100.00	100.00	100.00	100.00	100.00	100.00	100.00	100.00	100.00	.	.	.	.	.	.	.	.	.	.	.	.	.	.	.	.	.	.	.	.	.	.	.	.	.	.	.	.	.	.	.	.	.	.	.	100.00	.	.	.	.	.	.	.	.	.	.	.	.	.	.	.	.	.	.	.	.	.	.	.	.	.	.	.	.	.	99.74	100.00	100.00	100.00	100.00	.	.	.	.	.	.	.	.	100.00
AI-5395_3_3_assembly_Abricate_vfdb.tsv	79	.	.	100.00	.	.	.	.	.	.	.	.	.	.	.	100.00	100.00	100.00	100.00	.	100.00	99.78	100.00	.	99.04	100.00	.	.	.	.	.	100.00	100.00	100.00	100.00	100.00	99.28	100.00	.	.	.	.	.	.	.	.	.	.	.	.	.	.	.	.	.	.	.	.	.	.	100.00	.	.	.	.	.	.	.	.	.	.	.	.	.	.	.	.	.	.	.	99.93	99.96	100.00	100.00	100.00	100.00	100.00	100.00	100.00	100.00	100.00	100.00	100.00	100.00	100.00	100.00	.	100.00	100.00	100.00	100.00	100.00	100.00	100.00	100.00	100.00	100.00	100.00	100.00	.	.	.	99.91	100.00	100.00	100.00	100.00	100.00	99.98	100.00	100.00	100.00	98.80	99.96	.	.	.	.	.	.	.	100.00	.	99.37	.	.	.	.	.	.	94.44	.	.	.	.	.	.	.	.	.	.	.	.	100.00	100.00	.	100.00	.	.	.	100.00	99.74	100.00	100.00	100.00	100.00	100.00	100.00	100.00	100.00	100.00	100.00	100.00	100.00	100.00
AI-5395_40_40_assembly_Abricate_vfdb.tsv	52	.	.	100.00	100.00	.	.	.	.	.	.	.	.	.	.	.	.	.	.	.	.	99.78	100.00	.	99.04	100.00	.	.	.	.	.	100.00	100.00	100.00	100.00	100.00	99.28	100.00	.	.	.	.	.	.	.	.	.	.	.	.	.	.	.	.	.	.	.	.	.	.	100.00	.	83.73	.	.	99.93	.	99.94	100.00	.	.	.	.	.	.	.	.	.	.	.	99.88	100.00	100.00	100.00	100.00	100.00	100.00	100.00	100.00	100.00	100.00	100.00	100.00	100.00	100.00	100.00	.	.	100.00	100.00	100.00	100.00	100.00	100.00	100.00	100.00	100.00	100.00	100.00	.	.	.	.	.	.	.	.	.	.	.	.	.	.	.	.	.	.	.	.	.	.	100.00	.	.	.	.	.	.	.	.	.	.	.	.	.	.	.	.	.	.	.	.	.	.	.	.	.	.	.	.	.	99.74	100.00	100.00	100.00	100.00	.	.	.	.	.	.	.	.	100.00
AI-5395_41_41_assembly_Abricate_vfdb.tsv	60	.	.	.	.	.	.	.	.	.	.	.	.	.	.	.	.	.	.	.	.	99.78	100.00	.	99.04	100.00	.	.	.	.	.	100.00	100.00	100.00	100.00	100.00	99.28	100.00	.	.	.	.	.	.	.	.	.	.	.	.	.	.	.	.	.	.	.	.	.	.	100.00	.	83.81	.	.	100.00	.	99.94	100.00	.	.	.	.	.	.	.	.	.	.	.	99.76	100.00	100.00	100.00	100.00	100.00	100.00	100.00	100.00	100.00	100.00	100.00	100.00	100.00	100.00	100.00	.	.	100.00	100.00	100.00	100.00	100.00	100.00	100.00	100.00	100.00	100.00	100.00	.	.	.	99.91	100.00	100.00	100.00	100.00	.	.	100.00	100.00	100.00	98.80	99.96	.	.	.	.	.	.	.	100.00	.	.	.	.	.	.	.	.	.	.	.	.	.	.	.	.	.	.	.	.	.	.	.	.	.	.	.	.	.	99.74	100.00	100.00	100.00	100.00	.	.	.	.	.	.	.	.	100.00
AI-5395_42_43_assembly_Abricate_vfdb.tsv	42	.	.	.	.	.	.	.	.	.	.	.	.	.	.	.	.	.	.	.	.	99.78	100.00	.	99.04	100.00	.	.	.	.	.	100.00	100.00	100.00	100.00	100.00	98.66	100.00	.	.	.	.	.	.	.	.	.	.	.	.	.	.	.	.	.	.	.	.	.	.	98.47	.	83.73	.	.	99.93	.	99.94	100.00	.	.	.	.	.	.	.	.	.	.	.	99.88	100.00	100.00	100.00	100.00	100.00	100.00	100.00	100.00	100.00	100.00	100.00	100.00	100.00	100.00	100.00	.	.	.	.	.	.	.	.	.	.	100.00	100.00	100.00	.	.	.	.	.	.	.	.	.	.	.	.	.	.	.	.	.	.	.	.	.	.	100.00	.	.	.	.	.	.	.	.	.	.	.	.	.	.	.	.	.	.	.	.	.	.	.	.	.	.	.	.	.	99.74	100.00	100.00	100.00	100.00	.	.	.	.	.	.	.	.	100.00
AI-5395_43_44_assembly_Abricate_vfdb.tsv	69	.	.	100.00	.	.	.	.	.	.	.	.	.	100.00	100.00	100.00	100.00	100.00	100.00	100.00	100.00	99.78	100.00	.	99.04	100.00	.	.	.	.	.	100.00	100.00	100.00	100.00	100.00	99.28	100.00	.	.	.	.	.	.	.	.	.	.	.	.	.	.	.	.	.	.	.	.	.	.	.	.	.	.	.	.	.	.	.	.	.	.	.	.	.	.	.	.	.	.	100.00	100.00	100.00	100.00	100.00	100.00	100.00	100.00	100.00	100.00	100.00	100.00	100.00	100.00	100.00	100.00	.	100.00	100.00	100.00	100.00	100.00	100.00	100.00	100.00	100.00	100.00	100.00	99.76	.	.	99.93	.	.	.	.	.	100.00	100.00	.	.	.	.	.	100.00	100.00	.	.	.	.	.	100.00	.	.	.	.	.	.	.	.	.	.	.	.	.	.	.	.	.	.	.	.	.	.	.	.	.	.	.	.	100.00	99.74	100.00	100.00	100.00	100.00	100.00	100.00	100.00	100.00	100.00	100.00	100.00	100.00	100.00
AI-5395_44_45_assembly_Abricate_vfdb.tsv	43	.	.	100.00	.	.	.	.	.	.	.	.	.	.	.	.	.	.	.	.	.	99.78	100.00	.	99.04	100.00	.	.	.	.	.	100.00	100.00	100.00	100.00	100.00	99.28	100.00	.	.	.	.	.	.	.	.	.	.	.	.	.	.	.	.	.	.	.	.	.	.	100.00	100.00	83.73	.	99.56	99.93	.	99.94	100.00	99.87	.	.	.	.	.	.	.	.	.	.	99.88	100.00	100.00	100.00	100.00	100.00	100.00	100.00	100.00	100.00	100.00	100.00	100.00	100.00	100.00	100.00	.	.	.	.	.	.	.	.	.	.	.	.	.	.	.	.	.	.	.	.	.	.	.	.	.	.	.	.	.	.	.	.	.	.	.	100.00	.	.	.	.	.	.	.	.	.	.	.	.	.	.	.	.	.	.	.	.	.	.	.	.	.	.	.	.	.	99.74	100.00	100.00	100.00	100.00	.	.	.	.	.	.	.	.	100.00
AI-5395_45_46_assembly_Abricate_vfdb.tsv	60	.	.	.	.	.	.	.	.	.	.	.	.	.	.	.	.	.	.	.	.	99.78	100.00	.	99.04	100.00	.	.	.	.	.	100.00	100.00	100.00	100.00	100.00	98.66	100.00	.	.	.	.	.	.	.	.	.	.	.	.	.	.	.	.	.	.	.	.	.	.	100.00	.	83.81	.	.	100.00	.	99.94	100.00	.	.	.	.	.	.	.	.	.	.	.	99.41	100.00	100.00	100.00	100.00	100.00	100.00	100.00	100.00	100.00	100.00	100.00	100.00	100.00	100.00	100.00	.	.	100.00	100.00	100.00	100.00	100.00	100.00	100.00	100.00	100.00	100.00	100.00	.	.	.	99.91	100.00	100.00	100.00	100.00	.	.	100.00	100.00	100.00	98.80	99.96	.	.	.	.	.	.	.	100.00	.	.	.	.	.	.	.	.	.	.	.	.	.	.	.	.	.	.	.	.	.	.	.	.	.	.	.	.	.	99.74	100.00	100.00	100.00	100.00	.	.	.	.	.	.	.	.	100.00
AI-5395_46_47_assembly_Abricate_vfdb.tsv	46	.	.	100.00	.	.	.	.	.	.	.	.	.	.	.	.	.	.	.	.	.	99.78	100.00	.	99.04	100.00	.	.	.	.	.	100.00	100.00	100.00	100.00	100.00	99.28	100.00	.	.	.	.	.	.	.	.	.	.	.	.	.	.	.	.	.	.	.	.	.	.	100.00	.	83.73	.	.	99.93	.	99.94	.	.	.	.	.	.	.	.	.	.	.	.	.	100.00	100.00	100.00	100.00	100.00	100.00	100.00	100.00	100.00	100.00	100.00	100.00	100.00	100.00	100.00	.	.	.	.	.	100.00	100.00	100.00	100.00	100.00	100.00	100.00	100.00	.	.	.	.	.	.	.	.	.	.	.	.	.	.	.	.	.	.	.	.	.	.	100.00	.	.	.	.	.	.	.	.	.	.	.	.	.	.	.	.	.	.	.	.	.	.	.	.	.	.	.	.	.	99.74	100.00	100.00	100.00	100.00	.	.	.	.	.	.	.	.	100.00
AI-5395_47_48_assembly_Abricate_vfdb.tsv	50	.	.	.	.	.	.	.	.	.	.	.	.	.	.	.	.	.	.	.	.	99.78	100.00	.	99.04	100.00	.	.	.	.	.	100.00	100.00	100.00	100.00	100.00	99.28	100.00	.	.	.	.	.	.	.	.	.	.	.	.	.	.	.	.	.	.	.	.	.	.	98.42	.	83.81	.	.	100.00	.	99.94	100.00	.	.	.	.	.	.	.	.	.	.	.	99.41	100.00	100.00	100.00	100.00	100.00	100.00	99.83	100.00	100.00	100.00	100.00	100.00	100.00	100.00	100.00	.	.	100.00	100.00	100.00	100.00	100.00	100.00	100.00	100.00	100.00	100.00	100.00	.	.	.	.	.	.	.	.	.	.	.	.	.	.	.	.	.	.	.	.	.	.	100.00	.	.	.	.	.	.	.	.	.	.	.	.	.	.	.	.	.	.	.	.	.	.	.	.	.	.	.	.	.	99.74	100.00	100.00	100.00	100.00	.	.	.	.	.	.	.	.	100.00
AI-5395_48_49_assembly_Abricate_vfdb.tsv	39	.	.	100.00	.	.	.	.	.	.	.	.	.	.	.	.	.	.	.	.	.	99.78	100.00	.	99.04	100.00	.	.	.	.	.	100.00	100.00	100.00	100.00	100.00	99.28	100.00	.	.	.	.	.	.	.	.	.	.	.	.	.	.	.	.	.	.	.	.	.	.	100.00	.	83.73	.	.	99.93	.	99.94	100.00	99.87	.	.	.	.	.	.	.	.	.	.	.	100.00	100.00	100.00	100.00	100.00	100.00	100.00	100.00	100.00	100.00	100.00	100.00	100.00	100.00	99.81	.	.	.	.	.	.	.	.	.	.	.	.	.	.	.	.	.	.	.	.	.	.	.	100.00	100.00	100.00	98.80	99.96	.	.	.	.	.	.	.	100.00	.	.	.	.	.	.	.	.	.	.	.	.	.	.	.	.	.	.	.	.	.	.	.	.	.	.	.	.	.	.	.	.	.	.	.	.	.	.	.	.	.	.	.
AI-5395_49_50_assembly_Abricate_vfdb.tsv	34	.	.	100.00	.	.	.	.	.	.	.	.	.	.	.	.	.	.	.	.	.	99.78	100.00	.	99.04	100.00	.	.	.	.	.	100.00	100.00	100.00	100.00	100.00	99.28	100.00	.	.	.	.	.	.	.	.	.	.	.	.	.	.	.	.	.	.	.	.	.	.	100.00	.	83.73	.	.	99.93	.	99.94	100.00	99.87	.	.	.	.	.	.	.	.	.	.	.	100.00	100.00	100.00	100.00	100.00	100.00	100.00	100.00	100.00	100.00	100.00	100.00	100.00	100.00	99.81	.	.	.	.	.	.	.	.	.	.	.	.	.	.	.	.	.	.	.	.	.	.	.	.	.	.	.	.	.	.	.	.	.	.	.	100.00	.	.	.	.	.	.	.	.	.	.	.	.	.	.	.	.	.	.	.	.	.	.	.	.	.	.	.	.	.	.	.	.	.	.	.	.	.	.	.	.	.	.	.
AI-5395_4_4_assembly_Abricate_vfdb.tsv	51	.	.	.	.	.	.	.	.	.	.	.	.	.	.	.	.	.	.	.	.	99.78	100.00	.	99.04	99.88	.	.	.	.	.	100.00	100.00	100.00	100.00	100.00	99.28	100.00	.	.	.	.	.	.	.	.	.	.	.	.	.	.	.	.	.	.	.	.	.	.	99.95	.	83.81	.	.	.	.	99.94	100.00	.	.	.	.	.	.	.	.	.	.	.	99.41	100.00	100.00	100.00	100.00	100.00	100.00	100.00	100.00	100.00	100.00	100.00	100.00	100.00	100.00	100.00	84.29	.	100.00	100.00	100.00	100.00	100.00	100.00	100.00	100.00	100.00	100.00	100.00	.	.	.	.	.	.	.	.	.	.	.	.	.	.	.	.	.	.	.	.	.	.	100.00	.	.	.	.	.	.	.	.	.	.	.	.	.	.	.	.	.	.	.	.	.	.	.	.	.	.	99.96	.	.	99.74	100.00	100.00	100.00	100.00	.	.	.	.	.	.	.	.	100.00
AI-5395_50_51_assembly_Abricate_vfdb.tsv	69	.	.	100.00	100.00;100.00;100.00;100.00	.	.	.	.	.	.	.	.	.	.	.	100.00	100.00	100.00	.	.	99.78	100.00	.	99.04	100.00	.	.	.	.	.	100.00	100.00	100.00	100.00	100.00	99.25	100.00	.	.	.	.	.	.	.	.	.	.	.	.	.	.	.	.	.	.	.	.	.	.	100.00	100.00	99.29	.	99.56	100.00	100.00	100.00	100.00	100.00	100.00	99.24	100.00	.	.	.	86.36	99.80	.	.	99.81	100.00	100.00	100.00	100.00	100.00	100.00	100.00	100.00	100.00	100.00	100.00	100.00	100.00	100.00	100.00	.	.	100.00	100.00	100.00	100.00	100.00	100.00	100.00	100.00	100.00	99.77	100.00	.	.	.	.	.	.	.	.	.	.	.	.	.	.	.	.	.	.	.	.	.	.	100.00	.	.	.	.	.	.	.	.	.	.	.	.	.	.	.	.	.	.	.	.	.	100.00	100.00	100.00	100.00	100.00	.	.	.	100.00	100.00	100.00	100.00	100.00	.	.	.	.	.	.	.	.	100.00
AI-5395_51_53_assembly_Abricate_vfdb.tsv	47	.	.	100.00	.	.	.	.	.	.	.	.	.	.	.	.	.	.	.	.	.	99.78	100.00	.	99.04	100.00	.	.	.	.	.	100.00	100.00	100.00	100.00	100.00	99.28	100.00	.	.	.	.	.	.	.	.	.	.	.	.	.	.	.	.	.	.	.	.	.	.	100.00	100.00	.	.	99.56	100.00	.	92.03	100.00	99.87	.	.	.	.	.	.	.	.	.	.	99.88	100.00	100.00	100.00	100.00	100.00	100.00	100.00	100.00	100.00	100.00	99.66	100.00	100.00	100.00	100.00	.	.	.	.	.	.	.	.	.	.	.	.	.	.	.	.	.	.	.	.	.	.	.	100.00	100.00	100.00	98.80	99.96	.	.	.	.	.	.	.	100.00	.	.	.	.	.	.	.	.	.	.	.	.	.	.	.	.	.	.	.	.	.	.	.	.	.	.	.	.	.	99.74	100.00	100.00	100.00	100.00	.	.	.	.	.	.	.	.	100.00
AI-5395_52_54_assembly_Abricate_vfdb.tsv	70	.	.	100.00	.	.	.	.	.	.	.	.	.	.	.	100.00	100.00	100.00	100.00	.	100.00	99.78	100.00	.	99.04	100.00	.	.	.	.	.	100.00	100.00	100.00	100.00	100.00	99.25	100.00	.	.	.	.	.	.	.	.	.	.	.	.	.	.	.	.	.	.	.	.	.	.	100.00	.	.	.	.	.	.	.	.	.	.	.	.	.	.	.	.	.	.	.	99.93	99.96	100.00	100.00	100.00	100.00	100.00	100.00	99.83	100.00	100.00	100.00	100.00	100.00	100.00	100.00	.	100.00	100.00	100.00	100.00	100.00	100.00	100.00	100.00	100.00	100.00	100.00	100.00	.	.	.	99.91	100.00	99.92	100.00	100.00	.	99.98	.	.	.	.	.	.	.	.	.	.	.	.	100.00	.	.	.	.	.	.	.	.	94.44	.	.	.	.	.	.	.	.	.	.	.	.	100.00	100.00	.	100.00	.	.	.	99.98	99.74	100.00	100.00	100.00	100.00	100.00	100.00	100.00	100.00	100.00	.	.	100.00	100.00
AI-5395_53_55_assembly_Abricate_vfdb.tsv	55	.	.	100.00	100.00	.	.	.	.	.	.	.	.	.	.	.	100.00	100.00	100.00	.	100.00	99.78	100.00	.	99.04	100.00	.	.	.	.	.	100.00	100.00	100.00	100.00	100.00	99.28	100.00	.	.	.	.	.	.	.	.	.	.	.	.	.	.	.	.	.	.	.	.	.	.	100.00	100.00	99.29	.	.	100.00	100.00	100.00	100.00	95.62	100.00	100.00	100.00	.	.	.	.	.	.	.	99.76	100.00	100.00	100.00	100.00	100.00	100.00	100.00	100.00	100.00	100.00	100.00	100.00	100.00	100.00	100.00	.	.	.	.	.	.	.	.	.	.	.	.	.	.	.	.	.	.	.	.	.	.	.	.	.	.	.	.	.	.	.	.	.	.	.	100.00	.	.	.	.	.	.	.	.	.	.	.	.	.	.	.	.	.	.	.	.	.	100.00	100.00	100.00	100.00	.	.	.	.	99.74	100.00	100.00	100.00	100.00	.	.	.	.	.	.	.	.	100.00
AI-5395_54_56_assembly_Abricate_vfdb.tsv	80	.	.	100.00	.	.	.	.	.	.	.	.	.	.	100.00	.	100.00	100.00	100.00	.	100.00	99.78	100.00	.	99.04	100.00	.	.	.	.	.	100.00	100.00	100.00	100.00	100.00	99.28	100.00	.	.	.	.	.	.	.	.	.	.	.	.	.	.	.	.	.	.	.	.	.	.	100.00	100.00	99.29	.	97.19	100.00	.	100.00	100.00	95.88	96.49	100.00	100.00	.	.	.	.	.	.	.	99.76	100.00	100.00	100.00	100.00	100.00	100.00	100.00	81.76	100.00	100.00	100.00	100.00	100.00	100.00	100.00	.	100.00	.	.	.	.	.	.	.	.	.	99.88	99.76	.	.	.	.	.	.	.	.	100.00	100.00	100.00	100.00	100.00	98.80	99.96	100.00	100.00	.	.	.	.	.	100.00	.	99.68	.	.	99.44	100.00	.	.	100.00	.	.	100.00	.	.	99.91	.	.	.	.	.	.	100.00	.	100.00	100.00	.	.	.	.	99.74	100.00	100.00	100.00	100.00	100.00	100.00	100.00	100.00	100.00	100.00	100.00	100.00	100.00
AI-5395_55_57_assembly_Abricate_vfdb.tsv	60	.	.	.	.	.	.	.	.	.	.	.	.	.	.	.	.	.	.	.	.	99.78	100.00	.	99.04	100.00	.	.	.	.	.	100.00	100.00	100.00	100.00	100.00	99.28	100.00	.	.	.	.	.	.	.	.	.	.	.	.	.	.	.	.	.	.	.	.	.	.	100.00	.	83.81	.	.	100.00	.	99.94	100.00	.	.	.	.	.	.	.	.	.	.	.	99.41	100.00	100.00	100.00	100.00	100.00	100.00	100.00	100.00	100.00	100.00	100.00	100.00	100.00	100.00	100.00	.	.	100.00	100.00	100.00	100.00	100.00	100.00	100.00	100.00	100.00	100.00	100.00	.	.	.	99.91	100.00	100.00	100.00	100.00	.	.	100.00	100.00	100.00	98.80	99.96	.	.	.	.	.	.	.	100.00	.	.	.	.	.	.	.	.	.	.	.	.	.	.	.	.	.	.	.	.	.	.	.	.	.	.	.	.	.	99.74	100.00	100.00	100.00	100.00	.	.	.	.	.	.	.	.	100.00
AI-5395_56_58_assembly_Abricate_vfdb.tsv	56	.	.	.	100.00	.	.	.	.	.	.	.	.	.	.	.	.	.	.	.	.	99.78	100.00	.	99.04	100.00	.	.	.	.	.	100.00	100.00	100.00	100.00	100.00	99.28	100.00	.	.	.	.	.	.	.	.	.	.	.	.	.	.	.	.	.	.	.	.	.	.	100.00	.	83.81	.	.	100.00	.	99.94	100.00	.	.	.	.	.	.	.	.	.	.	.	99.41	100.00	100.00	100.00	100.00	100.00	100.00	100.00	100.00	100.00	100.00	100.00	100.00	100.00	100.00	100.00	.	.	100.00	100.00	100.00	99.67	100.00	100.00	100.00	100.00	100.00	100.00	100.00	.	.	.	.	.	.	.	.	.	.	100.00	100.00	100.00	98.80	99.96	.	.	.	.	.	.	.	100.00	.	.	.	.	.	.	.	.	.	.	.	.	.	.	.	.	.	.	.	.	.	.	.	.	.	.	.	.	.	99.74	100.00	100.00	100.00	100.00	.	.	.	.	.	.	.	.	100.00
AI-5395_57_59_assembly_Abricate_vfdb.tsv	62	.	.	.	.	.	.	.	.	.	.	.	.	.	.	.	.	.	.	.	.	99.78	100.00	.	99.04	100.00	.	.	.	.	.	100.00	100.00	100.00	100.00	100.00	99.28	100.00	.	.	.	.	.	.	.	.	.	.	.	.	.	.	.	.	.	.	.	.	.	.	100.00	.	83.81	.	.	100.00	.	99.94	100.00	.	.	.	.	.	.	.	.	.	.	.	99.41	100.00	100.00	100.00	100.00	100.00	100.00	100.00	100.00	100.00	100.00	100.00	100.00	100.00	100.00	100.00	.	.	100.00	100.00	100.00	100.00	100.00	100.00	100.00	100.00	100.00	100.00	100.00	100.00	94.95	.	99.91	100.00	100.00	100.00	100.00	.	.	100.00	100.00	100.00	98.80	99.96	.	.	.	.	.	.	.	100.00	.	.	.	.	.	.	.	.	.	.	.	.	.	.	.	.	.	.	.	.	.	.	.	.	.	.	.	.	.	99.74	100.00	100.00	100.00	100.00	.	.	.	.	.	.	.	.	100.00
AI-5395_58_60_assembly_Abricate_vfdb.tsv	60	.	.	.	.	.	.	.	.	.	.	.	.	.	.	.	.	.	.	.	.	99.78	100.00	.	99.04	100.00	.	.	.	.	.	100.00	100.00	100.00	100.00	100.00	98.66	100.00	.	.	.	.	.	.	.	.	.	.	.	.	.	.	.	.	.	.	.	.	.	.	100.00	.	83.81	.	.	100.00	.	99.94	100.00	.	.	.	.	.	.	.	.	.	.	.	99.41	100.00	100.00	100.00	100.00	100.00	100.00	100.00	100.00	100.00	100.00	100.00	100.00	100.00	100.00	100.00	.	.	100.00	100.00	99.93	100.00	100.00	100.00	100.00	100.00	100.00	100.00	100.00	.	.	.	99.91	100.00	100.00	100.00	100.00	.	.	100.00	100.00	100.00	98.80	99.96	.	.	.	.	.	.	.	100.00	.	.	.	.	.	.	.	.	.	.	.	.	.	.	.	.	.	.	.	.	.	.	.	.	.	.	.	.	.	99.74	100.00	100.00	100.00	100.00	.	.	.	.	.	.	.	.	100.00
AI-5395_59_61_assembly_Abricate_vfdb.tsv	58	.	.	.	.	.	.	.	.	.	.	.	.	.	.	.	.	.	.	.	.	99.78	100.00	.	99.04	100.00	.	.	.	.	.	100.00	100.00	100.00	100.00	100.00	98.66	100.00	.	.	.	.	.	.	.	.	.	.	.	.	.	.	.	.	.	.	.	.	.	.	100.00	.	83.81	.	.	100.00	.	99.94	100.00	.	.	.	.	.	.	.	.	.	.	.	99.41	100.00	100.00	100.00	100.00	100.00	100.00	100.00	100.00	100.00	100.00	100.00	100.00	100.00	100.00	100.00	.	.	100.00	100.00	99.93	100.00	100.00	100.00	100.00	100.00	100.00	100.00	100.00	.	.	.	99.91	100.00	100.00	100.00	100.00	.	.	100.00	100.00	100.00	98.73	.	.	.	.	.	.	.	.	.	.	.	.	.	.	.	.	.	.	.	.	.	.	.	.	.	.	.	.	.	.	.	.	.	.	.	.	.	.	99.74	100.00	100.00	100.00	100.00	.	.	.	.	.	.	.	.	100.00
AI-5395_5_5_assembly_Abricate_vfdb.tsv	71	.	.	100.00	.	.	.	.	.	.	.	.	.	.	100.00	.	100.00	100.00	100.00	.	100.00	99.78	100.00	.	99.04	100.00	.	.	.	.	.	100.00	100.00	100.00	100.00	100.00	99.28	100.00	.	.	.	.	.	.	.	.	.	.	.	.	.	.	.	.	.	.	.	.	.	.	100.00	100.00	99.29	.	97.19	100.00	.	100.00	100.00	95.88	96.49	100.00	100.00	.	.	.	.	.	.	.	99.76	100.00	100.00	100.00	100.00	100.00	100.00	100.00	100.00	100.00	100.00	100.00	100.00	100.00	100.00	100.00	.	.	100.00	100.00	100.00	100.00	100.00	100.00	100.00	100.00	100.00	100.00	99.76	100.00	.	.	.	.	.	.	.	.	.	100.00	100.00	100.00	98.80	99.96	.	.	.	.	.	.	.	100.00	.	.	.	.	.	.	.	.	.	.	.	.	.	.	.	.	.	.	.	.	.	100.00	.	100.00	100.00	.	.	.	.	99.74	100.00	100.00	100.00	100.00	.	.	.	.	.	.	.	.	100.00
AI-5395_60_62_assembly_Abricate_vfdb.tsv	57	.	.	100.00	.	.	.	.	.	.	.	.	.	.	.	.	.	.	.	.	.	99.78	100.00	.	99.04	100.00	.	.	.	.	.	100.00	100.00	100.00	100.00	100.00	99.28	100.00	.	.	.	.	.	.	.	.	.	.	.	.	.	.	.	.	.	.	.	.	.	.	100.00	87.43	83.65	.	.	100.00	.	99.94	100.00	99.87	.	.	.	.	.	.	.	.	.	.	99.88	100.00	100.00	100.00	100.00	100.00	100.00	100.00	100.00	100.00	100.00	99.66	100.00	100.00	100.00	100.00	.	.	100.00	100.00	100.00	100.00	100.00	100.00	100.00	100.00	100.00	100.00	100.00	.	.	.	99.91	100.00	100.00	100.00	100.00	.	.	100.00	100.00	100.00	98.80	99.96	.	.	.	.	.	.	.	100.00	.	.	.	.	.	.	.	.	.	.	.	.	.	.	.	.	.	.	.	.	.	.	.	.	.	.	.	.	.	.	.	.	.	.	.	.	.	.	.	.	.	.	.
AI-5395_61_63_assembly_Abricate_vfdb.tsv	25	.	.	.	100.00	.	.	.	.	.	.	.	.	.	.	.	.	.	.	.	.	99.78	100.00	.	99.04	100.00	.	.	.	.	.	100.00	100.00	100.00	100.00	100.00	99.28	100.00	.	.	.	.	.	.	.	.	.	.	.	.	.	.	.	.	.	.	.	.	.	.	.	.	83.81	.	99.56	.	.	99.94	100.00	.	.	.	.	.	.	.	.	.	.	.	99.88	100.00	100.00	100.00	100.00	100.00	100.00	.	.	.	.	.	.	.	100.00	.	.	.	.	.	.	.	.	.	.	.	.	.	.	.	.	.	.	.	.	.	.	.	.	.	.	.	.	.	.	.	.	.	.	.	.	100.00	.	.	.	.	.	.	.	.	.	.	.	.	.	.	.	.	.	.	.	.	.	.	.	.	.	.	.	.	.	.	.	.	.	.	.	.	.	.	.	.	.	.	.
AI-5395_62_64_assembly_Abricate_vfdb.tsv	57	.	.	100.00	.	.	.	.	.	.	.	.	.	.	.	.	.	.	.	.	.	99.78	100.00	.	99.04	100.00	.	.	.	.	.	100.00	100.00	100.00	100.00	100.00	99.28	100.00	.	.	.	.	.	.	.	.	.	.	.	.	.	.	.	.	.	.	.	.	.	.	100.00	87.43	83.65	.	.	100.00	.	99.94	100.00	99.87	.	.	.	.	.	.	.	.	.	.	99.88	100.00	100.00	100.00	100.00	100.00	100.00	100.00	100.00	100.00	100.00	99.66	100.00	100.00	100.00	100.00	.	.	100.00	100.00	100.00	100.00	100.00	100.00	100.00	100.00	100.00	100.00	100.00	.	.	.	99.91	100.00	100.00	100.00	100.00	.	.	100.00	100.00	100.00	98.80	99.96	.	.	.	.	.	.	.	100.00	.	.	.	.	.	.	.	.	.	.	.	.	.	.	.	.	.	.	.	.	.	.	.	.	.	.	.	.	.	.	.	.	.	.	.	.	.	.	.	.	.	.	.
AI-5395_63_65_assembly_Abricate_vfdb.tsv	63	.	.	100.00	100.00	.	.	.	.	.	.	.	.	.	100.00	100.00	100.00	100.00	100.00	100.00	100.00	99.78	100.00	.	99.04	100.00	.	.	.	.	.	100.00	100.00	100.00	82.23	100.00	99.28	100.00	.	.	.	.	.	.	.	.	.	.	.	.	.	.	.	.	.	.	.	.	.	.	100.00	.	99.29	.	.	.	.	100.00	.	.	100.00	.	99.79	.	.	.	86.36	99.80	.	.	99.91	100.00	100.00	100.00	100.00	100.00	100.00	99.67	100.00	100.00	100.00	100.00	100.00	100.00	100.00	100.00	.	.	100.00	100.00	100.00	100.00	100.00	100.00	100.00	100.00	100.00	100.00	99.76	.	.	.	.	.	.	.	.	.	.	.	.	.	.	.	100.00	.	.	.	.	.	.	100.00	.	.	.	.	.	.	.	.	.	.	.	.	.	.	.	.	.	.	.	.	.	100.00	.	.	.	.	.	.	.	99.74	100.00	100.00	100.00	100.00	.	.	.	.	.	.	.	.	100.00
AI-5395_64_66_assembly_Abricate_vfdb.tsv	63	.	.	.	.	.	.	.	.	.	.	.	.	.	.	.	.	.	.	.	.	99.78	100.00	.	99.04	100.00	.	.	.	.	.	100.00	100.00	100.00	100.00	100.00	98.66	100.00	.	.	.	.	.	.	.	.	.	.	.	.	.	.	.	.	.	.	.	.	.	.	98.42	.	83.81	.	99.47	99.93	.	99.94	100.00	.	.	.	.	.	.	.	.	.	.	.	99.76	100.00	100.00	100.00	100.00	100.00	100.00	99.83	100.00	100.00	100.00	100.00	100.00	100.00	100.00	100.00	.	.	100.00	100.00	100.00	100.00	100.00	100.00	100.00	100.00	100.00	100.00	100.00	.	.	.	.	.	100.00	100.00	100.00	.	.	100.00	100.00	100.00	98.80	99.96	.	.	.	.	.	.	.	100.00	.	99.37;99.37	.	.	.	100.00	100.00	.	94.44;94.44	.	.	.	.	.	.	.	.	.	.	.	.	.	.	.	.	.	.	.	.	99.74	100.00	100.00	100.00	100.00	.	.	.	.	.	.	.	.	100.00
AI-5395_65_67_assembly_Abricate_vfdb.tsv	63	.	.	100.00	.	.	.	.	.	.	.	.	.	.	.	.	.	.	.	.	.	99.78	100.00	.	99.04	100.00	.	.	.	.	.	100.00	100.00	100.00	100.00	100.00	99.28	100.00	.	.	.	.	.	.	.	.	.	.	.	.	.	.	.	.	.	.	.	.	.	.	100.00	.	83.73	.	99.47	.	.	99.94	100.00	.	.	.	.	.	.	.	.	.	.	.	99.74	100.00	100.00	100.00	100.00	100.00	100.00	100.00	100.00	100.00	100.00	100.00	100.00	100.00	100.00	100.00	.	.	100.00	100.00	100.00	100.00	100.00	100.00	100.00	100.00	100.00	100.00	99.76	.	.	.	99.91	100.00	100.00	100.00	100.00	.	.	100.00	100.00	100.00	98.80	99.96	100.00	100.00	.	.	.	.	.	100.00	.	.	.	.	.	.	.	.	.	.	.	.	.	.	.	.	.	.	.	.	.	.	.	.	.	.	.	.	.	99.74	100.00	100.00	100.00	99.32	.	.	.	.	.	.	.	.	100.00
AI-5395_66_68_assembly_Abricate_vfdb.tsv	57	.	.	100.00	.	.	.	.	.	.	.	.	.	.	.	.	.	.	.	.	.	99.78	100.00	.	99.04	100.00	.	.	.	.	.	100.00	100.00	100.00	100.00	100.00	99.28	100.00	.	.	.	.	.	.	.	.	.	.	.	.	.	.	.	.	.	.	.	.	.	.	100.00	100.00	83.65	.	99.56	.	.	99.94	100.00	99.87	.	.	.	.	.	.	.	.	.	.	89.16	100.00	100.00	100.00	100.00	100.00	100.00	100.00	100.00	100.00	100.00	99.66	100.00	100.00	100.00	100.00	.	.	.	.	.	.	.	.	100.00	100.00	100.00	100.00	100.00	.	.	.	99.91	100.00	100.00	100.00	100.00	.	.	100.00	100.00	100.00	98.80	99.96	.	.	.	.	.	.	.	100.00	.	.	.	.	.	.	.	.	.	.	.	.	.	.	.	.	.	.	.	.	.	.	.	.	.	.	.	.	.	99.74	100.00	100.00	100.00	100.00	.	.	.	.	.	.	.	.	100.00
AI-5395_67_69_assembly_Abricate_vfdb.tsv	52	.	.	100.00	100.00	.	.	.	.	.	.	.	.	.	.	.	.	.	.	.	.	99.78	100.00	.	99.04	100.00	.	.	.	.	.	100.00	100.00	100.00	100.00	100.00	99.28	100.00	.	.	.	.	.	.	.	.	.	.	.	.	.	.	.	.	.	.	.	.	.	.	100.00	99.95	.	.	99.56	100.00	.	.	100.00	99.87	.	.	.	.	.	.	.	.	.	.	99.88	100.00	100.00	100.00	100.00	100.00	100.00	100.00	100.00	100.00	100.00	99.66	100.00	100.00	100.00	100.00	.	.	.	.	.	.	.	.	.	.	.	.	.	.	.	.	99.91	100.00	100.00	100.00	100.00	.	.	100.00	100.00	100.00	98.80	99.96	.	.	.	.	.	.	.	100.00	.	.	.	.	.	.	.	.	.	.	.	.	.	.	.	.	.	.	.	.	.	.	.	.	.	.	.	.	.	99.74	100.00	100.00	100.00	100.00	.	.	.	.	.	.	.	.	100.00
AI-5395_68_70_assembly_Abricate_vfdb.tsv	65	.	.	100.00	.	.	.	.	.	.	.	.	.	.	.	.	100.00	100.00	100.00	.	.	99.78	100.00	.	99.04	100.00	.	.	.	.	.	100.00	100.00	100.00	100.00	100.00	99.25	100.00	.	.	.	.	.	.	.	.	.	.	.	.	.	.	.	.	.	.	.	.	.	.	100.00	100.00	99.29	.	99.56	100.00	100.00	100.00	100.00	.	100.00	99.05	100.00	.	.	.	.	.	.	.	99.86	100.00	100.00	100.00	100.00	100.00	100.00	100.00	100.00	100.00	100.00	100.00	100.00	100.00	100.00	100.00	.	.	100.00	100.00	100.00	100.00	100.00	100.00	100.00	100.00	100.00	100.00	100.00	.	.	.	.	.	.	.	.	.	.	.	.	.	.	.	.	.	.	.	.	.	.	100.00	.	.	.	.	.	.	.	.	.	.	.	.	.	.	.	.	.	.	.	.	.	100.00	100.00	100.00	100.00	100.00	.	.	.	99.74	100.00	100.00	100.00	100.00	.	.	.	.	.	.	.	.	100.00
AI-5395_69_71_assembly_Abricate_vfdb.tsv	65	.	.	100.00	.	.	.	.	.	.	.	.	.	.	.	.	100.00	100.00	100.00	.	.	99.78	100.00	.	99.04	100.00	.	.	.	.	.	100.00	100.00	100.00	100.00	100.00	99.25	100.00	.	.	.	.	.	.	.	.	.	.	.	.	.	.	.	.	.	.	.	.	.	.	100.00	100.00	99.29	.	99.56	100.00	100.00	100.00	100.00	.	100.00	99.05	100.00	.	.	.	.	.	.	.	99.86	100.00	100.00	100.00	100.00	100.00	100.00	100.00	100.00	100.00	100.00	100.00	100.00	100.00	100.00	100.00	.	.	100.00	100.00	100.00	100.00	100.00	100.00	100.00	100.00	100.00	100.00	100.00	.	.	.	.	.	.	.	.	.	.	.	.	.	.	.	.	.	.	.	.	.	.	100.00	.	.	.	.	.	.	.	.	.	.	.	.	.	.	.	.	.	.	.	.	.	100.00	100.00	100.00	100.00	100.00	.	.	.	99.74	100.00	100.00	100.00	100.00	.	.	.	.	.	.	.	.	100.00
AI-5395_6_6_assembly_Abricate_vfdb.tsv	50	.	.	.	.	.	.	.	.	.	.	.	.	.	.	.	.	.	.	.	.	99.78	100.00	.	99.04	100.00	.	.	.	.	.	100.00	100.00	100.00	100.00	100.00	99.28	100.00	.	.	.	.	.	.	.	.	.	.	.	.	.	.	.	.	.	.	.	.	.	.	100.00	.	83.81	.	.	100.00	.	99.94	100.00	.	.	.	.	.	.	.	.	.	.	.	99.41	100.00	100.00	100.00	100.00	100.00	100.00	100.00	100.00	100.00	100.00	100.00	100.00	100.00	100.00	100.00	.	.	100.00	100.00	100.00	100.00	100.00	100.00	100.00	100.00	100.00	100.00	100.00	.	.	.	.	.	.	.	.	.	.	.	.	.	.	.	.	.	.	.	.	.	.	100.00	.	.	.	.	.	.	.	.	.	.	.	.	.	.	.	.	.	.	.	.	.	.	.	.	.	.	.	.	.	99.74	100.00	100.00	100.00	100.00	.	.	.	.	.	.	.	.	100.00
AI-5395_70_72_assembly_Abricate_vfdb.tsv	41	.	.	100.00	.	.	.	.	.	.	.	.	.	.	.	.	.	.	.	.	.	99.78	100.00	.	99.04	100.00	.	.	.	.	.	100.00	100.00	100.00	100.00	100.00	99.28	100.00	.	.	.	.	.	.	.	.	.	.	.	.	.	.	.	.	.	.	.	.	.	.	100.00	100.00	83.65	.	99.56	.	.	99.94	100.00	99.87	.	.	.	.	.	.	.	.	.	.	99.88	100.00	100.00	100.00	100.00	100.00	100.00	100.00	100.00	100.00	100.00	99.66	100.00	100.00	100.00	100.00	.	.	.	.	.	.	.	.	100.00	100.00	100.00	100.00	100.00	.	.	.	.	.	.	.	.	.	.	.	.	.	.	.	.	.	.	.	.	.	.	100.00	.	.	.	.	.	.	.	.	.	.	.	.	.	.	.	.	.	.	.	.	.	.	.	.	.	.	.	.	.	.	.	.	.	.	.	.	.	.	.	.	.	.	.
AI-5395_71_73_assembly_Abricate_vfdb.tsv	70	.	.	.	.	.	.	.	.	.	.	.	.	.	.	.	.	.	.	.	.	99.78	100.00	.	99.04	100.00	.	.	.	.	.	100.00	100.00	100.00	100.00	100.00	99.28	100.00	.	.	.	.	.	.	.	.	.	.	.	.	.	.	.	.	.	.	.	.	.	.	100.00	.	83.81	.	.	100.00	.	99.94	100.00	.	.	.	.	.	.	.	.	.	.	.	99.76	100.00	100.00	100.00	100.00	100.00	100.00	100.00	100.00	100.00	100.00	100.00	100.00	100.00	100.00	100.00	.	100.00	100.00	.	.	.	.	.	.	.	.	.	.	.	.	.	99.91	100.00	100.00	100.00	100.00	100.00	100.00	100.00	100.00	100.00	98.80	99.96	.	.	.	.	.	.	.	100.00	.	99.37	100.00	100.00	100.00	.	.	91.67	100.00	100.00	100.00	.	.	.	.	.	.	.	.	.	100.00	.	.	.	.	.	.	.	.	99.74	100.00	100.00	100.00	100.00	100.00	100.00	100.00	100.00	100.00	100.00	100.00	100.00	99.83
AI-5395_72_74_assembly_Abricate_vfdb.tsv	46	.	.	100.00	.	.	.	.	.	.	.	.	.	.	.	.	.	.	.	.	.	99.78	100.00	.	99.04	100.00	.	.	.	.	.	100.00	100.00	100.00	100.00	100.00	99.28	100.00	.	.	.	.	.	.	.	.	.	.	.	.	.	.	.	.	.	.	.	.	.	.	100.00	100.00	.	.	99.56	100.00	.	92.03	100.00	99.87	.	.	.	.	.	.	.	.	.	.	99.88	100.00	100.00	100.00	100.00	100.00	100.00	100.00	100.00	100.00	100.00	99.66	100.00	100.00	100.00	100.00	.	.	.	.	.	.	.	.	.	.	.	.	.	.	.	.	.	.	.	.	.	.	.	100.00	100.00	.	98.80	99.96	.	.	.	.	.	.	.	100.00	.	.	.	.	.	.	.	.	.	.	.	.	.	.	.	.	.	.	.	.	.	.	.	.	.	.	.	.	.	99.74	100.00	100.00	100.00	100.00	.	.	.	.	.	.	.	.	100.00
AI-5395_7_7_assembly_Abricate_vfdb.tsv	54	.	.	.	.	.	.	.	.	.	.	.	.	.	.	.	.	.	.	.	.	99.78	100.00	.	99.04	100.00	.	.	.	.	.	100.00	100.00	100.00	100.00	100.00	99.28	100.00	.	.	.	.	.	.	.	.	.	.	.	.	.	.	.	.	.	.	.	.	.	.	100.00	.	83.81	.	.	100.00	.	99.94	100.00	.	.	.	.	.	.	.	.	.	.	.	99.41	100.00	100.00	100.00	100.00	100.00	100.00	99.83	100.00	100.00	100.00	100.00	100.00	100.00	100.00	100.00	.	.	100.00	100.00	100.00	100.00	100.00	100.00	100.00	100.00	100.00	100.00	100.00	.	.	.	.	.	.	.	.	.	.	100.00	100.00	100.00	98.80	99.96	.	.	.	.	.	.	.	100.00	.	.	.	.	.	.	.	.	.	.	.	.	.	.	.	.	.	.	.	.	.	.	.	.	.	.	.	.	.	99.74	100.00	100.00	100.00	100.00	.	.	.	.	.	.	.	.	.
AI-5395_8_8_assembly_Abricate_vfdb.tsv	43	.	.	.	.	.	.	.	.	.	.	.	.	.	.	.	.	.	.	.	.	99.78	100.00	.	99.04	100.00	.	.	.	.	.	100.00	100.00	100.00	100.00	100.00	98.66	100.00	.	.	.	.	.	.	.	.	.	.	.	.	.	.	.	.	.	.	.	.	.	.	100.00	.	83.81	.	.	100.00	.	99.94	100.00	.	.	.	.	.	.	.	.	.	.	.	99.41	100.00	100.00	100.00	100.00	100.00	100.00	100.00	100.00	100.00	100.00	100.00	100.00	100.00	100.00	100.00	.	.	.	.	.	.	.	.	.	.	.	.	.	.	.	.	99.91	100.00	100.00	100.00	100.00	.	.	100.00	100.00	100.00	98.80	99.96	.	.	.	.	.	.	.	100.00	.	.	.	.	.	.	.	.	.	.	.	.	.	.	.	.	.	.	.	.	.	.	.	.	.	.	.	.	.	.	.	.	.	.	.	.	.	.	.	.	.	.	.
AI-5395_9_9_assembly_Abricate_vfdb.tsv	52	.	.	100.00	100.00	.	.	.	.	.	.	.	.	.	.	.	.	.	.	.	.	99.78	100.00	.	99.04	100.00	.	.	.	.	.	100.00	100.00	100.00	100.00	100.00	99.28	100.00	.	.	.	.	.	.	.	.	.	.	.	.	.	.	.	.	.	.	.	.	.	.	100.00	.	83.73	.	.	99.93	.	99.94	100.00	.	.	.	.	.	.	.	.	.	.	.	99.88	100.00	100.00	100.00	100.00	100.00	100.00	100.00	100.00	100.00	100.00	100.00	100.00	100.00	100.00	100.00	.	.	100.00	100.00	100.00	100.00	100.00	100.00	100.00	100.00	100.00	100.00	100.00	.	.	.	.	.	.	.	.	.	.	.	.	.	.	.	.	.	.	.	.	.	.	100.00	.	.	.	.	.	.	.	.	.	.	.	.	.	.	.	.	.	.	.	.	.	.	.	.	.	.	.	.	.	99.74	100.00	100.00	100.00	100.00	.	.	.	.	.	.	.	.	100.00
