sample_name	sample_name_as_string	seqCoSID	sample_title	forced_EC_scheme	ST	UPEC	ETEC	tEPEC	aEPEC	EHEC	EAEC	DAEC	EIEC	phylogroup
1	1	1	farm irrigation water	ecoli	162	0	0	0	0	0	0	0	0	B1
2	2	2	farm irrigation water	ecoli	10	0	0	0	0	0	0	0	0	A
3	3	3	farm irrigation water	ecoli	117	0	0	0	0	0	0	0	0	G
4	4	4	farm irrigation water	ecoli	40	0	0	0	0	0	0	0	0	B1
5	5	5	farm irrigation water	ecoli	69	0	0	0	0	0	0	0	0	D
7	7	7	farm irrigation water	ecoli	156	0	0	0	0	0	0	0	0	B1
6	6	6	lettuce	ecoli	1673	0	0	0	0	0	0	0	0	B1
8	8	8	lettuce	ecoli	5229	0	0	0	0	0	0	0	0	B1
9	9	9	farm irrigation water	ecoli	3902	0	0	0	0	0	0	0	0	A
10	10	10	farm irrigation water	ecoli	744	0	0	0	0	0	0	0	0	A
11	11	11	farm irrigation water	ecoli	2601	0	0	0	0	0	0	0	0	A
12	12	12	farm irrigation water	ecoli	602	0	0	0	0	0	0	0	0	B1
13	13	13	farm irrigation water	ecoli	117	0	0	0	0	0	0	0	0	G
14	14	14	cilantro	ecoli	1193	1	0	0	0	0	0	0	0	B2
15	15	15	cilantro	ecoli	162	0	0	0	0	0	0	0	0	B1
16	16	16	lettuce	ecoli	129	0	0	0	0	0	0	0	0	B1
17	17	17	cilantro	ecoli	1727	0	0	0	0	0	0	0	0	B1
18	18	18	lettuce	ecoli	1193	1	0	0	0	0	0	0	0	B2
19	19	19	farm irrigation water	ecoli	4049	0	0	0	0	0	0	0	0	B1
20	20	20	farm irrigation water	ecoli	1193	1	0	0	0	0	0	0	0	B2
21	21	21	farm irrigation water	ecoli	38	0	0	0	0	0	0	0	0	D
22	22	22	farm irrigation water	ecoli	5229	0	0	0	0	0	0	0	0	B1
23	23	23	farm irrigation water	ecoli	1049	0	0	0	0	0	0	0	0	B1
24	24	24	farm irrigation water	ecoli	424	0	0	0	0	0	0	0	0	B1
25	25	25	farm irrigation water	ecoli	349	0	0	0	0	0	0	0	0	D
26	26	26	farm irrigation water	ecoli	457	0	0	0	0	0	0	0	0	F
28	28	28	farm irrigation water	ecoli	-	0	0	0	0	0	0	0	0	A
27	27	27	lettuce	ecoli	720	0	0	0	0	0	0	0	0	D
29	29	29	farm irrigation water	ecoli	38	0	0	0	0	0	0	1	0	D
30	30	30	strawberry	ecoli	2328	0	0	0	0	0	0	0	0	B1
31	31	31	farm irrigation water	ecoli	182	0	0	0	0	0	0	0	0	E
32	32	32	farm irrigation water	ecoli	-	0	0	0	0	0	0	0	0	A
33	33	33	cilantro	ecoli	642	0	0	0	0	0	0	0	0	B1
34	34	34	farm irrigation water	ecoli	58	0	0	0	0	0	0	0	0	B1
35	35	35	farm irrigation water	ecoli	156	0	0	0	0	0	0	0	0	B1
36	36	36	basil	ecoli	2280	0	0	0	0	0	0	0	0	B1
37	37	37	lettuce	ecoli	58	0	0	0	0	0	0	0	0	B1
38	38	38	farm irrigation water	ecoli	453	0	0	0	0	0	0	0	0	B1
39	39	39	lettuce	ecoli	-	0	0	0	0	0	0	0	0	A
40	40	40	farm irrigation water	ecoli	3902	0	0	0	0	0	0	0	0	A
41	41	41	farm irrigation water	ecoli	6721	0	0	0	0	0	0	0	0	B1
43	43	42	farm irrigation water	ecoli	410	0	0	0	0	0	0	0	0	C
44	44	43	farm irrigation water	ecoli	135	0	0	0	0	0	0	0	0	B2
45	45	44	lettuce	ecoli	10	0	0	0	0	0	0	0	0	A
46	46	45	farm irrigation water	ecoli	602	0	0	0	0	0	0	0	0	B1
47	47	46	farm irrigation water	ecoli	2705	0	0	0	0	0	0	0	0	A
48	48	47	lettuce	ecoli	5765	0	0	0	0	0	0	0	0	B1
49	49	48	farm irrigation water	ecoli	-	0	0	0	0	0	0	0	0	A
50	50	49	farm irrigation water	ecoli	-	0	0	0	0	0	0	0	0	A
51	51	50	lettuce	ecoli	10391	0	0	0	0	0	0	0	0	U
53	53	51	cilantro	ecoli	744	0	0	0	0	0	0	0	0	A
54	54	52	farm irrigation water	ecoli	-	0	0	0	0	0	0	0	0	G
55	55	53	farm irrigation water	ecoli	349	0	0	0	0	0	0	0	0	D
56	56	54	farm irrigation water	ecoli	69	0	0	0	0	0	0	0	0	D
57	57	55	farm irrigation water	ecoli	1737	0	0	0	0	0	0	0	0	B1
58	58	56	cilantro	ecoli	2973	0	0	0	0	0	0	0	0	A
59	59	57	farm irrigation water	ecoli	212	0	0	0	0	0	0	0	0	B1
60	60	58	farm irrigation water	ecoli	602	0	0	0	0	0	0	0	0	B1
61	61	59	farm irrigation water	ecoli	602	0	0	0	0	0	0	0	0	B1
62	62	60	farm irrigation water	ecoli	10	0	0	0	0	0	0	0	0	A
63	63	61	lettuce	ecoli	5204	0	0	0	0	0	0	0	0	A
64	64	62	farm irrigation water	ecoli	10	0	0	0	0	0	0	0	0	A
65	65	63	lettuce	ecoli	-	0	0	0	0	0	0	0	0	F
66	66	64	farm irrigation water	ecoli	162	0	0	0	0	0	0	0	0	B1
67	67	65	cilantro	ecoli	3941	0	0	0	0	0	0	0	0	A
68	68	66	farm irrigation water	ecoli	10	0	0	0	0	0	0	0	0	A
69	69	67	lettuce	ecoli	744	0	0	0	0	0	0	0	0	A
70	70	68	farm irrigation water	ecoli	1629	0	0	0	0	0	0	0	0	E
71	71	69	farm irrigation water	ecoli	1629	0	0	0	0	0	0	0	0	E
72	72	70	lettuce	ecoli	10	0	0	0	0	0	0	0	0	A
73	73	71	farm irrigation water	ecoli	155	0	0	0	0	0	0	0	0	B1
74	74	72	farm irrigation water	ecoli	744	0	0	0	0	0	0	0	0	A
