sample_id	molecule_type	primary_cluster_id	secondary_cluster_id	contig_id	size	gc	md5	mge_id	mge_acs	mge_type	mge_subtype	mge_length	mge_start	mge_end	contig_start	contig_end	length	sstrand	qcovhsp	pident	evalue	bitscore
AA_CKDN230030154-1A_HGKHYDSX7_L2	chromosome			2 length=365704 depth=1.00x	365704	0.5092643230590861	8ac54180c4fdf05fc6dad67ba8a71acc	00584	AP010953	ISEc16	IS3	1233	1	1233	340920	342152						
AA_CKDN230030154-1A_HGKHYDSX7_L2	chromosome			2 length=365704 depth=1.00x	365704	0.5092643230590861	8ac54180c4fdf05fc6dad67ba8a71acc	00566	AP010953	ISSd1	IS3	1339	76	1339	357654	358917						
AA_CKDN230030154-1A_HGKHYDSX7_L2	chromosome			2 length=365704 depth=1.00x	365704	0.5092643230590861	8ac54180c4fdf05fc6dad67ba8a71acc	00733	NC_000913	IS30D	IS30	1221	1	1221	359316	360536						
AA_CKDN230030154-1A_HGKHYDSX7_L2	chromosome			7 length=231285 depth=1.05x	231285	0.5154722528482175	fa65c23214dd91ec6b8cb507f8ce34be	01247	NC_002695	ISEc5	ISAs1	1291	1	1291	1534	2824						
AA_CKDN230030154-1A_HGKHYDSX7_L2	chromosome			8 length=218810 depth=1.07x	218810	0.502207394543211	0aa0c6079a3a899572931e283847e430	00647	AP010958	ISCfr6	IS3	1258	1	1258	7781	9038						
AA_CKDN230030154-1A_HGKHYDSX7_L2	chromosome			16 length=116105 depth=1.07x	116105	0.5032513672968434	743bbd283675d220e25d8c1f5827b853	01249	CP021335	ISEc26	ISAs1	1257	1	1257	35239	36494						
AA_CKDN230030154-1A_HGKHYDSX7_L2	chromosome			32 length=34665 depth=0.94x	34665	0.46519544208856195	77c16df7edb8a3f1245b500440db3b26	01331	CP006262	ISEc38	ISL3	1695	1	1695	22169	23863						
AA_CKDN230030154-1A_HGKHYDSX7_L2	chromosome			44 length=6080 depth=0.98x	6080	0.5047697368421052	0345fc84abb4502a39332e53684deb1a	00650	NC_002695	ISEc31	IS3	1294	33	1294	687	1945						
AA_CKDN230030154-1A_HGKHYDSX7_L2	chromosome			53 length=1459 depth=7.56x	1459	0.5476353666895134	ec9b030349ba62a2121bb7e478fc9b25	01399	CP016586.1	16s-rRNA	16S	1554	96	1554	1	1459						
AA_CKDN230030154-1A_HGKHYDSX7_L2	chromosome			56 length=1169 depth=12.59x	1169	0.544054747647562	fd0b7f38473ca40ca0ad177b35bb799a	00048	AP010953	ISCro4	IS110	1277	52	1220	1	1169						
AA_CKDN230030154-1A_HGKHYDSX7_L2	plasmid	AB595		55 length=1270 depth=7.89x	1270	0.5299212598425197	14504865fac1c65608c5e61ff345edd3	00625	KX786187	ISEc36	IS3	1320	1	1264	6	1270	1267	plus	96.0	80.584	0.0	972
AB_CKDN230030155-1A_HGKHYDSX7_L2	chromosome			4 length=428406 depth=0.79x	428406	0.49888657021610344	e85dee13d88bb0a8a151bf77d983a9d7	00215	AP010953	ISSen6	IS200/IS605	1746	1	1746	24383	26128						
AB_CKDN230030155-1A_HGKHYDSX7_L2	chromosome			8 length=194930 depth=1.00x	194930	0.5219822500384753	956d986015785565cf3831e0492bc661	01246	AP010953	ISEc1	ISAs1	1291	192	1289	153104	154201						
AB_CKDN230030155-1A_HGKHYDSX7_L2	chromosome			8 length=194930 depth=1.00x	194930	0.5219822500384753	956d986015785565cf3831e0492bc661	01247	NC_002695	ISEc5	ISAs1	1291	1	1291	154202	155492						
AB_CKDN230030155-1A_HGKHYDSX7_L2	chromosome			13 length=131191 depth=0.79x	131191	0.503205250360162	0417ecfd85134dd3f47fee710d3d9111	00208	NC_002695	IS609	IS200/IS605	1753	2	1753	75277	77028						
AB_CKDN230030155-1A_HGKHYDSX7_L2	chromosome			21 length=53787 depth=0.97x	53787	0.5047502184542734	b5e9cb8600d29d70f5bccd7c9ebcd25a	01247	NC_002695	ISEc5	ISAs1	1291	1	1291	45468	46758						
AB_CKDN230030155-1A_HGKHYDSX7_L2	chromosome			39 length=1463 depth=6.92x	1463	0.5481886534518113	ab3356bb9d55198adfb0dc6d46f3afd1	01399	CP016586.1	16s-rRNA	16S	1554	96	1554	5	1463						
AB_CKDN230030155-1A_HGKHYDSX7_L2	chromosome			40 length=1136 depth=6.30x	1136	0.5404929577464789	fa289cb48287cdeae1fb8e57bc191fbb	00048	AP010953	ISCro4	IS110	1277	1	1133	1	1133						
AB_CKDN230030155-1A_HGLMJDSX7_L1	chromosome			4 length=428406 depth=0.78x	428406	0.49888657021610344	ea36666b3573ddf032410c79c2746d26	00215	AP010953	ISSen6	IS200/IS605	1746	1	1746	402279	404024						
AB_CKDN230030155-1A_HGLMJDSX7_L1	chromosome			8 length=194930 depth=1.00x	194930	0.5219822500384753	956d986015785565cf3831e0492bc661	01246	AP010953	ISEc1	ISAs1	1291	192	1289	153104	154201						
AB_CKDN230030155-1A_HGLMJDSX7_L1	chromosome			8 length=194930 depth=1.00x	194930	0.5219822500384753	956d986015785565cf3831e0492bc661	01247	NC_002695	ISEc5	ISAs1	1291	1	1291	154202	155492						
AB_CKDN230030155-1A_HGLMJDSX7_L1	chromosome			13 length=131191 depth=0.78x	131191	0.503205250360162	0417ecfd85134dd3f47fee710d3d9111	00208	NC_002695	IS609	IS200/IS605	1753	2	1753	75277	77028						
AB_CKDN230030155-1A_HGLMJDSX7_L1	chromosome			21 length=53787 depth=0.95x	53787	0.5047502184542734	b5e9cb8600d29d70f5bccd7c9ebcd25a	01247	NC_002695	ISEc5	ISAs1	1291	1	1291	45468	46758						
AB_CKDN230030155-1A_HGLMJDSX7_L1	chromosome			38 length=1463 depth=6.94x	1463	0.5481886534518113	ab3356bb9d55198adfb0dc6d46f3afd1	01399	CP016586.1	16s-rRNA	16S	1554	96	1554	5	1463						
AB_CKDN230030155-1A_HGLMJDSX7_L1	chromosome			39 length=1258 depth=2.73x	1258	0.5365659777424483	609eabeec9f323c11cca63b47e88afa6	00590	KX242350	ISEc17	IS3	1263	1	1263	1	1258						
AB_CKDN230030155-1A_HGLMJDSX7_L1	chromosome			40 length=1136 depth=6.50x	1136	0.5404929577464789	fa289cb48287cdeae1fb8e57bc191fbb	00048	AP010953	ISCro4	IS110	1277	1	1133	1	1133						
AC_CKDN230030156-1A_HGKHYDSX7_L2	chromosome			25 length=37929 depth=0.73x	37929	0.5951382846898152	6aa61e6b5abfe4889a13a19488681983	00623	CP016634	ISAisp2	IS3	1232	1	1232	36665	37895						
AC_CKDN230030156-1A_HGKHYDSX7_L2	chromosome			26 length=37299 depth=1.30x	37299	0.5674951071074291	d8f3274520cc6b95f8b56f445ab037d9	00910	CP023316	ISPpu18	IS5	1192	3	1192	1875	3065						
AD_CKDN230030157-1A_HGKHYDSX7_L2	chromosome			12 length=122497 depth=0.98x	122497	0.4985346579916243	c45b8060f9f233c0a6a368149b33fce6	01246	AP010953	ISEc1	ISAs1	1291	25	1288	71198	72448						
AD_CKDN230030157-1A_HGKHYDSX7_L2	chromosome			12 length=122497 depth=0.98x	122497	0.4985346579916243	c45b8060f9f233c0a6a368149b33fce6	01249	CP021335	ISEc26	ISAs1	1257	1	1204	74378	75583						
AD_CKDN230030157-1A_HGKHYDSX7_L2	chromosome			16 length=95727 depth=1.18x	95727	0.5002768288988477	f74ecbc34e1173464afafbb7a1c1801f	00639	CP001509	IS103	IS3	1446	4	1263	1	1260						
AD_CKDN230030157-1A_HGKHYDSX7_L2	chromosome			30 length=53931 depth=1.06x	53931	0.5039773043333148	39b592637b8c28eecc04341abea44a31	01247	NC_002695	ISEc5	ISAs1	1291	1	1291	7220	8510						
AD_CKDN230030157-1A_HGKHYDSX7_L2	chromosome			48 length=15157 depth=0.89x	15157	0.49211585406082997	4b0d8cd01625f140ae31c8ab6a3b123e	01249	CP021335	ISEc26	ISAs1	1257	1	1257	1296	2552						
AD_CKDN230030157-1A_HGKHYDSX7_L2	chromosome			64 length=1348 depth=2.01x	1348	0.5126112759643917	a374d6511c0a9307768585185f4d920b	00786	NC_000913	IS186A	IS4	1345	1	1345	3	1347						
AD_CKDN230030157-1A_HGKHYDSX7_L2	chromosome			66 length=1272 depth=7.91x	1272	0.5471698113207547	bd858164c65110b47b4d4a7fd72f8ea2	01399	CP016586.1	16s-rRNA	16S	1554	276	1547	1	1272						
AD_CKDN230030157-1A_HGKHYDSX7_L2	chromosome			70 length=1056 depth=7.58x	1056	0.5284090909090909	c3982bc738e55ff467f8d243e2dc5a75	00952	MG930932	IS102	IS5	1055	1	1055	2	1055						
AD_CKDN230030157-1A_HGKYJDSX7_L1	chromosome			13 length=122495 depth=0.99x	122495	0.4985346340666966	672b4a1dd5ca3b63653b89c1c0400370	01249	CP021335	ISEc26	ISAs1	1257	1	1204	46915	48120						
AD_CKDN230030157-1A_HGKYJDSX7_L1	chromosome			13 length=122495 depth=0.99x	122495	0.4985346340666966	672b4a1dd5ca3b63653b89c1c0400370	01246	AP010953	ISEc1	ISAs1	1291	25	1291	50047	51300						
AD_CKDN230030157-1A_HGKYJDSX7_L1	chromosome			17 length=95219 depth=1.16x	95219	0.5006983900272004	b962dd1e931b3f78c2558b62e11d93de	00639	CP001509	IS103	IS3	1446	4	1263	93960	95219						
AD_CKDN230030157-1A_HGKYJDSX7_L1	chromosome			30 length=53931 depth=1.05x	53931	0.5039773043333148	39b592637b8c28eecc04341abea44a31	01247	NC_002695	ISEc5	ISAs1	1291	1	1291	7220	8510						
AD_CKDN230030157-1A_HGKYJDSX7_L1	chromosome			62 length=2522 depth=0.81x	2522	0.3877874702616971	21b9e282d5283add15b3d280d23249f5	01249	CP021335	ISEc26	ISAs1	1257	1	1227	1	1227						
AD_CKDN230030157-1A_HGKYJDSX7_L1	chromosome			67 length=1348 depth=2.19x	1348	0.5126112759643917	a374d6511c0a9307768585185f4d920b	00786	NC_000913	IS186A	IS4	1345	1	1345	3	1347						
AD_CKDN230030157-1A_HGKYJDSX7_L1	chromosome			69 length=1283 depth=7.93x	1283	0.5455962587685113	8c15770038cb577fa8a1c147848303fe	01399	CP016586.1	16s-rRNA	16S	1554	276	1554	1	1279						
AD_CKDN230030157-1A_HGKYJDSX7_L1	chromosome			71 length=1056 depth=7.46x	1056	0.5284090909090909	f95e08c3684f719f61cae4198a930d64	00952	MG930932	IS102	IS5	1055	1	1055	2	1055						
AF_CKDN230030159-1A_HGKHYDSX7_L2	chromosome			4 length=359569 depth=1.29x	359569	0.5559878632473878	9ac89e2eabb2299b81b6e1dace7197df	00634	CP024842	IS1400	IS3	1207	1	1197	17084	18279						
AF_CKDN230030159-1A_HGKHYDSX7_L2	plasmid	AA275	AI077	15 length=125078 depth=0.66x	125078	0.5175090743376133	64f72a7f7d2c97e2c2720f471a95627d	00954	MF344567	IS903	IS5	1057	1	1057	7557	8613	1057	minus	100.0	99.432	0.0	1919
AF_CKDN230030159-1A_HGKHYDSX7_L2	plasmid	AA275	AI077	15 length=125078 depth=0.66x	125078	0.5175090743376133	64f72a7f7d2c97e2c2720f471a95627d	00954	MF344567	IS903	IS5	1057	1	1057	32367	33423	1058	minus	100.0	97.637	0.0	1814
AF_CKDN230030159-1A_HGKHYDSX7_L2	plasmid	AA275	AI077	15 length=125078 depth=0.66x	125078	0.5175090743376133	64f72a7f7d2c97e2c2720f471a95627d	01161	MF344567	ISKox1	IS66	2526	1	2526	54124	56649	2527	plus	100.0	90.859	0.0	3386
AF_CKDN230030159-1A_HGKHYDSX7_L2	plasmid	AA275	AI077	23 length=51633 depth=0.65x	51633	0.5274533728429492	595449c74eebf6a73b4d52d19908ec95	00918	LT898486	ISKpn26	IS5	1197	1	1196	646	1841	1196	minus	99.0	98.662	0.0	2121
AF_CKDN230030159-1A_HGKHYDSX7_L2	plasmid	AA275	AI077	31 length=7341 depth=0.61x	7341	0.46669391091132	214ff62e403a18e4ad10284ef60c3e47	00163	KJ125070	ISEcp1	IS1380	2656	1	2656	2125	4783	2661	plus	100.0	96.618	0.0	4409
AF_CKDN230030159-1A_HGKHYDSX7_L2	plasmid	AA275	AI077	44 length=1699 depth=0.70x	1699	0.5344320188346086	c0324e1416ac30022b8923d19ca0e3d2	00593	LT898485	ISEcl1	IS3	1336	3	1336	366	1699	1334	minus	99.0	98.426	0.0	2348
AF_CKDN230030159-1A_HGKHYDSX7_L2	plasmid	AA275	AI077	51 length=1159 depth=7.80x	1159	0.5168248490077653	48d5889c208020bd72fce8fa7d0cd4f5	01077	NC_004851	IS630	IS630	1160	1	1159	1	1159	1160	minus	99.0	88.19	0.0	1382
AG_CKDN230030160-1A_HGKHYDSX7_L2	chromosome			4 length=428406 depth=0.80x	428406	0.49888657021610344	e85dee13d88bb0a8a151bf77d983a9d7	00215	AP010953	ISSen6	IS200/IS605	1746	1	1746	24383	26128						
AG_CKDN230030160-1A_HGKHYDSX7_L2	chromosome			8 length=194930 depth=1.00x	194930	0.5219822500384753	5b518a4c3bd4c7d55b85bc7589f73a22	01246	AP010953	ISEc1	ISAs1	1291	192	1289	153104	154201						
AG_CKDN230030160-1A_HGKHYDSX7_L2	chromosome			8 length=194930 depth=1.00x	194930	0.5219822500384753	5b518a4c3bd4c7d55b85bc7589f73a22	01247	NC_002695	ISEc5	ISAs1	1291	1	1291	154202	155492						
AG_CKDN230030160-1A_HGKHYDSX7_L2	chromosome			13 length=131191 depth=0.80x	131191	0.503205250360162	0417ecfd85134dd3f47fee710d3d9111	00208	NC_002695	IS609	IS200/IS605	1753	2	1753	75277	77028						
AG_CKDN230030160-1A_HGKHYDSX7_L2	chromosome			21 length=53662 depth=0.95x	53662	0.5044538034363236	c8a74c7b5d9acbda9a4ae8b24d9186a5	01247	NC_002695	ISEc5	ISAs1	1291	1	1291	45343	46633						
AG_CKDN230030160-1A_HGKHYDSX7_L2	chromosome			36 length=1463 depth=7.19x	1463	0.5481886534518113	ab3356bb9d55198adfb0dc6d46f3afd1	01399	CP016586.1	16s-rRNA	16S	1554	96	1554	5	1463						
AG_CKDN230030160-1A_HGKHYDSX7_L2	chromosome			37 length=1136 depth=6.77x	1136	0.5404929577464789	96c4d217944edc0d5c173d0f1fce02ce	00048	AP010953	ISCro4	IS110	1277	1	1133	4	1136						
AH_CKDN230030161-1A_HGKHYDSX7_L2	chromosome			3 length=368862 depth=1.09x	368862	0.543634204661906	b9fad6bfb97d48650d938c6827d8ca4e	00645	MF072965	ISBrsa1	IS3	1250	1	1246	28449	29693						
AH_CKDN230030161-1A_HGKYJDSX7_L1	chromosome			3 length=368862 depth=1.09x	368862	0.543634204661906	b9fad6bfb97d48650d938c6827d8ca4e	00645	MF072965	ISBrsa1	IS3	1250	1	1246	28449	29693						
AI_CKDN230030162-1A_HGKHYDSX7_L2	chromosome			4 length=27540 depth=0.89x	27540	0.44981844589687725	ca0cdfe03609ca899cfee26ed86fe9bc	00733	NC_000913	IS30D	IS30	1221	1	1221	5170	6390						
AI_CKDN230030162-1A_HGKHYDSX7_L2	chromosome			4 length=27540 depth=0.89x	27540	0.44981844589687725	ca0cdfe03609ca899cfee26ed86fe9bc	00566	AP010953	ISSd1	IS3	1339	76	1339	6789	8052						
AI_CKDN230030162-1A_HGKHYDSX7_L2	chromosome			4 length=27540 depth=0.89x	27540	0.44981844589687725	ca0cdfe03609ca899cfee26ed86fe9bc	00584	AP010953	ISEc16	IS3	1233	1	1233	23554	24786						
AI_CKDN230030162-1A_HGKHYDSX7_L2	chromosome			27 length=9037 depth=0.87x	9037	0.43853048578067944	26c84e87c3bf3279cb3d92599335bb29	00647	AP010958	ISCfr6	IS3	1258	1	1258	356	1613						
AI_CKDN230030162-1A_HGKHYDSX7_L2	chromosome			179 length=3381 depth=2.44x	3381	0.46258503401360546	f2828191249d30c11dfa446b656c795f	01247	NC_002695	ISEc5	ISAs1	1291	1	1280	178	1457						
AI_CKDN230030162-1A_HGKHYDSX7_L2	chromosome			803 length=1459 depth=22.67x	1459	0.5476353666895134	48c869e579bd00f8e2e6ff8ad6a3b57c	01399	CP016586.1	16s-rRNA	16S	1554	96	1554	1	1459						
AI_CKDN230030162-1A_HGKHYDSX7_L2	chromosome			908 length=1337 depth=8.82x	1337	0.5115931189229619	9e3132f65276ecf2b1c21860a1152f06	00786	NC_000913	IS186A	IS4	1345	5	1341	1	1337						
AI_CKDN230030162-1A_HGKHYDSX7_L2	plasmid	AA474	AI612	1138 length=1160 depth=9.70x	1160	0.5370689655172414	f9498157fdfa8113531f6f1b386d8158	00918	LT898486	ISKpn26	IS5	1197	1	1160	1	1160	1160	plus	97.0	99.655	0.0	2121
AI_CKDN230030162-1A_HGKHYDSX7_L2	plasmid	AA474	AI612	1372 length=1007 depth=5.01x	1007	0.5342601787487586	2607e8e6113a9e6d54b4e0017c9c924a	00952	MG930932	IS102	IS5	1055	3	1005	4	1005	1004	plus	95.0	94.92	0.0	1568
AI_CKDN230030162-1A_HGKHYDSX7_L2	plasmid	AD548		16 length=13467 depth=1.87x	13467	0.48429494319447536	5f87fd53e4959370ea59c1768554b27e	00028	JX424614	ISEc21	IS110	1374	1	1374	933	2306	1374	minus	100.0	92.576	0.0	1973
AJ_CKDN230030163-1A_HGKHYDSX7_L2	chromosome			3 length=367412 depth=1.09x	367412	0.5096485689090177	3d93c25b93f56f57d62ca688e5d220d5	01247	NC_002695	ISEc5	ISAs1	1291	1	1291	356680	357970						
AJ_CKDN230030163-1A_HGKHYDSX7_L2	chromosome			4 length=286326 depth=0.85x	286326	0.4939579360588979	67b898b53bae10beb0145c0751c93e6a	01246	AP010953	ISEc1	ISAs1	1291	2	1291	5859	7149						
AJ_CKDN230030163-1A_HGKHYDSX7_L2	chromosome			34 length=1144 depth=6.14x	1144	0.541958041958042	d88f00377b3d55e908c327fa2135a8eb	00048	AP010953	ISCro4	IS110	1277	1	1139	1	1139						
AJ_CKDN230030163-1A_HGKHYDSX7_L2	plasmid	AA177		16 length=112804 depth=0.37x	112804	0.4848409630864154	ed50846a7a88d9324948da0cb600d532	00625	KX786187	ISEc36	IS3	1320	1	1318	27530	28848	1320	minus	99.0	80.833	0.0	1033
AL_CKDN230030165-1A_HGKHYDSX7_L2	chromosome			12 length=5281 depth=2.11x	5281	0.5271728839234994	243377ead8a61e9dc4167a5e0d94cc6b	01399	CP016586.1	16s-rRNA	16S	1554	1	1543	131	1662						
AM_CKDN230030166-1A_HGKHYDSX7_L2	chromosome			6 length=384091 depth=1.12x	384091	0.5591253114496304	20941bb5c74095ac58def4dc94203d17	00634	CP024842	IS1400	IS3	1207	1	1197	343153	344348						
AM_CKDN230030166-1A_HGKHYDSX7_L2	chromosome			6 length=384091 depth=1.12x	384091	0.5591253114496304	20941bb5c74095ac58def4dc94203d17	00634	CP024842	IS1400	IS3	1207	1	1193	349916	351107						
AM_CKDN230030166-1A_HGKHYDSX7_L2	chromosome			6 length=384091 depth=1.12x	384091	0.5591253114496304	20941bb5c74095ac58def4dc94203d17	00610	AP006725	ISKpn1	IS3	1445	1	1445	362835	364279						
AM_CKDN230030166-1A_HGKHYDSX7_L2	plasmid	AA276	AI083	19 length=29075 depth=0.38x	29075	0.4945141874462597	c63b8a021d190af47c2ebc2f497043ea	00543	JX424614	ISKpn34	IS3	1221	1	1221	15396	16615	1221	minus	100.0	98.69	0.0	2165
AM_CKDN230030166-1A_HGKHYDSX7_L2	plasmid	AA276	AI083	19 length=29075 depth=0.38x	29075	0.4945141874462597	c63b8a021d190af47c2ebc2f497043ea	00954	MF344567	IS903	IS5	1057	1	1057	25146	26202	1057	plus	100.0	99.622	0.0	1930
AM_CKDN230030166-1A_HGKHYDSX7_L2	plasmid	AA276	AI083	21 length=13587 depth=0.39x	13587	0.50195039375874	cb84e26c953782f74d145d09e3a6a97d	00832	KY270853	ISKpn28	IS481	1105	1	1096	1613	2708	1096	plus	99.0	99.909	0.0	2019
AM_CKDN230030166-1A_HGKHYDSX7_L2	plasmid	AA276	AI083	33 length=2278 depth=1.04x	2278	0.47673397717295873	493f6916a079a7bd415534d513819160	01362	MF344564	ISKpn21	ISNCY	2278	1	2278	1	2278	2278	plus	100.0	99.956	0.0	4202
AM_CKDN230030166-1A_HGKHYDSX7_L2	plasmid	AA276	AI083	37 length=1699 depth=0.38x	1699	0.5338434373160683	90b9c4adb829054bdb12164e8f079b9e	00593	LT898485	ISEcl1	IS3	1336	3	1336	1	1334	1334	plus	99.0	98.501	0.0	2353
AN_CKDN230030167-1A_HGKHYDSX7_L2	chromosome			16 length=2639 depth=7.41x	2639	0.5293671845395983	8678ae738ed562b9c0b5e86d6459d0fb	01400	CP016586.1	23s-rRNA	23S	3027	639	3027	169	2554						
AO_CKDN230030168-1A_HGKHYDSX7_L2	chromosome			29 length=1617 depth=10.84x	1617	0.5411255411255411	86ca8af9701fe78e32885cc2ae4ede5b	01399	CP016586.1	16s-rRNA	16S	1554	1	1550	1	1553						
AP_CKDN230030169-1A_HGKHYDSX7_L2	chromosome			22 length=59257 depth=1.04x	59257	0.5000928160386114	f64a1963840cc60d2f507d9a302d8d50	00626	KU997026	ISEc27	IS3	1329	1	1329	25237	26568						
AP_CKDN230030169-1A_HGKHYDSX7_L2	chromosome			28 length=53525 depth=0.93x	53525	0.5102101821578702	1e67f613b3d1d720e96bda523873d672	00814	NC_007606	IS4	IS4	1427	1	1427	5434	6860						
AP_CKDN230030169-1A_HGKHYDSX7_L2	chromosome			32 length=48747 depth=0.74x	48747	0.4953945883849262	3178ecb75c3d72c51e5a0b716bd7164a	00215	AP010953	ISSen6	IS200/IS605	1746	1	1746	23967	25706						
AP_CKDN230030169-1A_HGKHYDSX7_L2	chromosome			66 length=25999 depth=0.98x	25999	0.49944228624177855	669938ff077ba9aff076a44c07cbeeb8	01246	AP010953	ISEc1	ISAs1	1291	1	1189	1080	2268						
AP_CKDN230030169-1A_HGKHYDSX7_L2	chromosome			88 length=16044 depth=0.95x	16044	0.5295437546746448	00daa7a38e08c4bd28370a20c8dca907	01246	AP010953	ISEc1	ISAs1	1291	1	1289	6823	8110						
AP_CKDN230030169-1A_HGKHYDSX7_L2	chromosome			100 length=12785 depth=0.98x	12785	0.384904184591318	45e540ddddbfd51a08551971d699eb6d	00646	MF344564	ISKpn37	IS3	1253	1	1253	1134	2387						
AP_CKDN230030169-1A_HGKHYDSX7_L2	chromosome			107 length=11553 depth=1.04x	11553	0.4484549467670735	1e34a1bb055e893c2b051699ee18e17f	00453	AP010960	IS1203	IS3	1310	1	1310	6760	8069						
AP_CKDN230030169-1A_HGKHYDSX7_L2	chromosome			125 length=8858 depth=0.85x	8858	0.522691352449763	75b33d3ce0f2cf3588d559df26fb0238	01168	AP010953	ISEc22	IS66	2454	499	2454	3268	5221						
AP_CKDN230030169-1A_HGKHYDSX7_L2	chromosome			128 length=8371 depth=0.82x	8371	0.47951260303428506	8f552ff6dae4b4fb7ab3e523c22dcb98	01331	CP006262	ISEc38	ISL3	1695	1	1695	1922	3616						
AP_CKDN230030169-1A_HGKHYDSX7_L2	chromosome			183 length=3234 depth=7.36x	3234	0.5278293135435993	d10c296326998d73b0fadcf723e783ae	01400	CP016586.1	23s-rRNA	23S	3027	663	3027	197	2560						
AP_CKDN230030169-1A_HGKHYDSX7_L2	chromosome			188 length=2947 depth=0.28x	2947	0.5140821174075331	3b7eb3d324865fd32175ee679b18fbfd	01154	JN157804	ISEc23	IS66	2534	1	2330	23	2353						
AP_CKDN230030169-1A_HGKHYDSX7_L2	chromosome			204 length=1681 depth=7.26x	1681	0.5324211778703153	f53f4978d81dffb12045a25294e8b825	01399	CP016586.1	16s-rRNA	16S	1554	1	1554	124	1677						
AP_CKDN230030169-1A_HGKHYDSX7_L2	plasmid	novel_659910db89b47e9b96450005af46f7bd		141 length=7070 depth=0.98x	7070	0.46166902404526167	ff8a8ab5e62bd6830290bf75b86a3a6f	00453	AP010960	IS1203	IS3	1310	1	1310	2106	3415	1310	minus	100.0	96.489	0.0	2165
AP_CKDN230030169-1A_HGKHYDSX7_L2	plasmid	novel_659910db89b47e9b96450005af46f7bd		190 length=2582 depth=1.16x	2582	0.4740511231603408	de27d09475b4c870b727ff34a81b0df3	00270	KT777639	ISEc12	IS21	2582	1	2581	1	2581	2581	plus	99.0	100.0	0.0	4767
AQ_CKDN230030170-1A_HGKHYDSX7_L2	chromosome			7 length=217551 depth=1.26x	217551	0.6148581252212125	cb3442ec551cd0b27b01dba8bb36d9c7	00825	CP022426	ISAs19	IS481	1198	1	1198	104984	106155						
AQ_CKDN230030170-1A_HGKHYDSX7_L2	chromosome			27 length=1567 depth=11.57x	1567	0.5456285896617741	a6f6ec6224bc67ddab2f88b9d13f3f1e	01399	CP016586.1	16s-rRNA	16S	1554	1	1550	15	1567						
AR_CKDN230030171-1A_HGKHYDSX7_L2	chromosome			2 length=365704 depth=1.00x	365704	0.5092643230590861	8ac54180c4fdf05fc6dad67ba8a71acc	00584	AP010953	ISEc16	IS3	1233	1	1233	340920	342152						
AR_CKDN230030171-1A_HGKHYDSX7_L2	chromosome			2 length=365704 depth=1.00x	365704	0.5092643230590861	8ac54180c4fdf05fc6dad67ba8a71acc	00566	AP010953	ISSd1	IS3	1339	76	1339	357654	358917						
AR_CKDN230030171-1A_HGKHYDSX7_L2	chromosome			2 length=365704 depth=1.00x	365704	0.5092643230590861	8ac54180c4fdf05fc6dad67ba8a71acc	00733	NC_000913	IS30D	IS30	1221	1	1221	359316	360536						
AR_CKDN230030171-1A_HGKHYDSX7_L2	chromosome			7 length=231285 depth=1.07x	231285	0.5154722528482175	fa65c23214dd91ec6b8cb507f8ce34be	01247	NC_002695	ISEc5	ISAs1	1291	1	1291	1534	2824						
AR_CKDN230030171-1A_HGKHYDSX7_L2	chromosome			8 length=218810 depth=1.08x	218810	0.502207394543211	0aa0c6079a3a899572931e283847e430	00647	AP010958	ISCfr6	IS3	1258	1	1258	7781	9038						
AR_CKDN230030171-1A_HGKHYDSX7_L2	chromosome			15 length=116105 depth=1.09x	116105	0.5032513672968434	743bbd283675d220e25d8c1f5827b853	01249	CP021335	ISEc26	ISAs1	1257	1	1257	35239	36494						
AR_CKDN230030171-1A_HGKHYDSX7_L2	chromosome			33 length=34665 depth=0.92x	34665	0.46519544208856195	77c16df7edb8a3f1245b500440db3b26	01331	CP006262	ISEc38	ISL3	1695	1	1695	22169	23863						
AR_CKDN230030171-1A_HGKHYDSX7_L2	chromosome			45 length=6269 depth=0.27x	6269	0.4487159036528952	25d2ba31002294aa6a60d46bce25385b	00543	JX424614	ISKpn34	IS3	1221	1	1221	82	1302						
AR_CKDN230030171-1A_HGKHYDSX7_L2	chromosome			46 length=6080 depth=0.98x	6080	0.5047697368421052	0345fc84abb4502a39332e53684deb1a	00650	NC_002695	ISEc31	IS3	1294	33	1294	687	1945						
AR_CKDN230030171-1A_HGKHYDSX7_L2	chromosome			64 length=1459 depth=7.66x	1459	0.5476353666895134	06f8d299a54490a43d70ea5dd77230a4	01399	CP016586.1	16s-rRNA	16S	1554	96	1554	1	1459						
AR_CKDN230030171-1A_HGKHYDSX7_L2	chromosome			67 length=1170 depth=12.80x	1170	0.5444444444444444	14b7f99638e0bf44774977b99ba9a479	00048	AP010953	ISCro4	IS110	1277	52	1221	1	1170						
AR_CKDN230030171-1A_HGKHYDSX7_L2	plasmid	AA474	AI612	47 length=5823 depth=0.33x	5823	0.42538210544392924	b5b35979c3e7830c887c64c8e05e8f24	00953	KY652381	IS903B	IS5	1057	1	1057	2	1058	1057	minus	100.0	96.405	0.0	1742
AR_CKDN230030171-1A_HGKHYDSX7_L2	plasmid	AA474	AI612	66 length=1269 depth=8.06x	1269	0.5295508274231678	9c6b6a52e3427711cc5c9a6e09f65e94	00625	KX786187	ISEc36	IS3	1320	1	1263	6	1269	1266	plus	96.0	80.569	0.0	970
AS_CKDN230030172-1A_HGKHYDSX7_L2	chromosome			2 length=346735 depth=0.88x	346735	0.499684196865041	fa2783cc1aea2f6c6fe7a226213089c7	00215	AP010953	ISSen6	IS200/IS605	1746	1	1746	75190	76935						
AS_CKDN230030172-1A_HGKHYDSX7_L2	chromosome			5 length=203126 depth=1.04x	203126	0.5087334954658684	1583a777ca7ae25d287bf330e9c9f16a	01247	NC_002695	ISEc5	ISAs1	1291	1	1291	59525	60815						
AS_CKDN230030172-1A_HGKHYDSX7_L2	chromosome			12 length=152659 depth=1.12x	152659	0.5047327704229688	e9e93bf7d8bc2e105f3b719e3806c7cc	00676	MF072964	ISCfr4	IS30	1253	1	1239	3191	4427						
AS_CKDN230030172-1A_HGKHYDSX7_L2	chromosome			15 length=133185 depth=0.87x	133185	0.48075233697488456	e8a9de5597c122cf97d71ea8aa58809e	01246	AP010953	ISEc1	ISAs1	1291	2	1291	1879	3168						
AS_CKDN230030172-1A_HGKHYDSX7_L2	chromosome			16 length=123485 depth=1.11x	123485	0.4952099445276754	aa4fd898baafb26c5bb21c6ee6e1ec48	01249	CP021335	ISEc26	ISAs1	1257	1	1257	16597	17852						
AS_CKDN230030172-1A_HGKHYDSX7_L2	chromosome			20 length=109431 depth=0.92x	109431	0.4946861492630059	cecac0bc19d13453459cdb2efe4f8403	00215	AP010953	ISSen6	IS200/IS605	1746	1	1746	25851	27596						
AS_CKDN230030172-1A_HGKHYDSX7_L2	chromosome			32 length=56893 depth=1.15x	56893	0.49202889634928726	8ec442e68f1219f6a7c9667d10a0343d	00528	MG860488	ISSen1	IS3	1312	1	1241	7675	8910						
AS_CKDN230030172-1A_HGKHYDSX7_L2	chromosome			32 length=56893 depth=1.15x	56893	0.49202889634928726	8ec442e68f1219f6a7c9667d10a0343d	00041	CP006027	ISSfl4	IS110	1468	11	1468	14770	16227						
AS_CKDN230030172-1A_HGKHYDSX7_L2	chromosome			59 length=1234 depth=14.04x	1234	0.5429497568881686	d593bf16582795ba8f3042b43d0d24d0	00048	AP010953	ISCro4	IS110	1277	48	1277	5	1234						
AS_CKDN230030172-1A_HGKHYDSX7_L2	plasmid	AA474	AI598	30 length=60492 depth=0.34x	60492	0.4996693777689612	c043e7f3e844d7288cd7fb9f2c292359	01171	AP010953	ISCro1	IS66	2699	1	2699	54478	57176	2699	plus	100.0	100.0	0.0	4985
AS_CKDN230030172-1A_HGKHYDSX7_L2	plasmid	AA176	AH856	34 length=51632 depth=0.35x	51632	0.4857259064146266	d62ebb44c8b47a707419d24867098259	01168	AP010953	ISEc22	IS66	2454	1	2454	15314	17767	2454	plus	100.0	99.674	0.0	4488
AS_CKDN230030172-1A_HGKHYDSX7_L2	plasmid	AA176	AH856	34 length=51632 depth=0.35x	51632	0.4857259064146266	d62ebb44c8b47a707419d24867098259	00625	KX786187	ISEc36	IS3	1320	1	1318	42598	43916	1321	plus	99.0	81.151	0.0	1055
AS_CKDN230030172-1A_HGKHYDSX7_L2	plasmid	AA176	AH856	44 length=22570 depth=0.33x	22570	0.4454585733274258	8dd8fd296ee9a4960641fa76e6338011	00459	CP006262	IS629	IS3	1314	6	1314	12316	13624	1309	minus	99.0	97.785	0.0	2257
AS_CKDN230030172-1A_HGKHYDSX7_L2	plasmid	AA176	AH856	46 length=13123 depth=0.33x	13123	0.5248799817114989	d9271f23d0a3a1460c4e01816611c692	00029	JX077110	ISEc32	IS110	1180	1	1180	7241	8420	1180	plus	100.0	99.915	0.0	2174
AS_CKDN230030172-1A_HGKHYDSX7_L2	plasmid	AA176	AH856	58 length=1427 depth=5.56x	1427	0.5360896986685354	79c37a426b6b4fd05c1d46a63dd10030	00814	NC_007606	IS4	IS4	1427	2	1427	2	1427	1426	minus	99.0	98.808	0.0	2540
AS_CKDN230030172-1A_HGKYJDSX7_L3	chromosome			2 length=346831 depth=0.88x	346831	0.49971311676291913	5129e066c3569aa8baba60c6c4122b45	00215	AP010953	ISSen6	IS200/IS605	1746	1	1746	269897	271642						
AS_CKDN230030172-1A_HGKYJDSX7_L3	chromosome			6 length=203126 depth=1.05x	203126	0.5087334954658684	1583a777ca7ae25d287bf330e9c9f16a	01247	NC_002695	ISEc5	ISAs1	1291	1	1291	59525	60815						
AS_CKDN230030172-1A_HGKYJDSX7_L3	chromosome			12 length=152659 depth=1.12x	152659	0.5047327704229688	0108246af68ccbd20f772d99628fa854	00676	MF072964	ISCfr4	IS30	1253	1	1239	148233	149469						
AS_CKDN230030172-1A_HGKYJDSX7_L3	chromosome			14 length=133185 depth=0.87x	133185	0.48075233697488456	e8a9de5597c122cf97d71ea8aa58809e	01246	AP010953	ISEc1	ISAs1	1291	2	1291	1879	3168						
AS_CKDN230030172-1A_HGKYJDSX7_L3	chromosome			15 length=123742 depth=1.11x	123742	0.4952320149989494	5d254c619c2ac59d6b8857eb46b93f8b	01249	CP021335	ISEc26	ISAs1	1257	1	1257	16859	18114						
AS_CKDN230030172-1A_HGKYJDSX7_L3	chromosome			19 length=106432 depth=0.90x	106432	0.4921640108238124	d1dd0084ee9acd8be747fb4582097428	00215	AP010953	ISSen6	IS200/IS605	1746	1	1746	81836	83581						
AS_CKDN230030172-1A_HGKYJDSX7_L3	chromosome			31 length=56893 depth=1.13x	56893	0.49202889634928726	300b244ec6525102d6f034b60b22ed32	00041	CP006027	ISSfl4	IS110	1468	11	1468	40667	42124						
AS_CKDN230030172-1A_HGKYJDSX7_L3	chromosome			31 length=56893 depth=1.13x	56893	0.49202889634928726	300b244ec6525102d6f034b60b22ed32	00528	MG860488	ISSen1	IS3	1312	1	1241	47984	49219						
AS_CKDN230030172-1A_HGKYJDSX7_L3	chromosome			60 length=1231 depth=14.14x	1231	0.5426482534524777	2a9ff2b05233852d0fd4d72d2ab884be	00048	AP010953	ISCro4	IS110	1277	51	1277	5	1231						
AS_CKDN230030172-1A_HGKYJDSX7_L3	plasmid	AA474	AI598	29 length=60492 depth=0.34x	60492	0.4996693777689612	c043e7f3e844d7288cd7fb9f2c292359	01171	AP010953	ISCro1	IS66	2699	1	2699	54478	57176	2699	plus	100.0	100.0	0.0	4985
AS_CKDN230030172-1A_HGKYJDSX7_L3	plasmid	AA176	AH856	41 length=28556 depth=0.34x	28556	0.4884087407199888	99f1a95ec14c20d0d447eaab84704f38	01168	AP010953	ISEc22	IS66	2454	1	2454	24834	27287	2454	minus	100.0	99.674	0.0	4488
AS_CKDN230030172-1A_HGKYJDSX7_L3	plasmid	AA176	AH856	43 length=22570 depth=0.32x	22570	0.4454585733274258	8dd8fd296ee9a4960641fa76e6338011	00459	CP006262	IS629	IS3	1314	6	1314	12316	13624	1309	minus	99.0	97.785	0.0	2257
AS_CKDN230030172-1A_HGKYJDSX7_L3	plasmid	AA176	AH856	45 length=13236 depth=0.34x	13236	0.5252342097310365	b8cd6232743be5db77dca1906d7b6dba	00029	JX077110	ISEc32	IS110	1180	1	1180	7241	8420	1180	plus	100.0	99.915	0.0	2174
AS_CKDN230030172-1A_HGKYJDSX7_L3	plasmid	AA176	AH856	59 length=1427 depth=5.68x	1427	0.5360896986685354	79c37a426b6b4fd05c1d46a63dd10030	00814	NC_007606	IS4	IS4	1427	2	1427	2	1427	1426	minus	99.0	98.808	0.0	2540
AT_CKDN230030173-1A_HGKHYDSX7_L2	chromosome			4 length=428406 depth=0.80x	428406	0.49888657021610344	ea36666b3573ddf032410c79c2746d26	00215	AP010953	ISSen6	IS200/IS605	1746	1	1746	402279	404024						
AT_CKDN230030173-1A_HGKHYDSX7_L2	chromosome			8 length=194930 depth=1.00x	194930	0.5219822500384753	b2ddee149073e18e94ac1f98abddff7f	01247	NC_002695	ISEc5	ISAs1	1291	1	1291	39439	40729						
AT_CKDN230030173-1A_HGKHYDSX7_L2	chromosome			8 length=194930 depth=1.00x	194930	0.5219822500384753	b2ddee149073e18e94ac1f98abddff7f	01246	AP010953	ISEc1	ISAs1	1291	192	1289	40730	41827						
AT_CKDN230030173-1A_HGKHYDSX7_L2	chromosome			13 length=131191 depth=0.79x	131191	0.503205250360162	0417ecfd85134dd3f47fee710d3d9111	00208	NC_002695	IS609	IS200/IS605	1753	2	1753	75277	77028						
AT_CKDN230030173-1A_HGKHYDSX7_L2	chromosome			21 length=53787 depth=0.95x	53787	0.5047502184542734	e136b29bd4dde7b669ba279c7ef5cf29	01247	NC_002695	ISEc5	ISAs1	1291	1	1291	7030	8320						
AT_CKDN230030173-1A_HGKHYDSX7_L2	chromosome			39 length=1463 depth=6.92x	1463	0.5481886534518113	ab3356bb9d55198adfb0dc6d46f3afd1	01399	CP016586.1	16s-rRNA	16S	1554	96	1554	5	1463						
AT_CKDN230030173-1A_HGKHYDSX7_L2	chromosome			40 length=1136 depth=6.41x	1136	0.5404929577464789	fa289cb48287cdeae1fb8e57bc191fbb	00048	AP010953	ISCro4	IS110	1277	1	1133	1	1133						
AU_CKDN230030174-1A_HGKHYDSX7_L2	chromosome			12 length=249072 depth=0.92x	249072	0.5251895034367572	a603fb0b14ee4b1983b100917ff3bb7c	00634	CP024842	IS1400	IS3	1207	1	1207	240926	242132						
AU_CKDN230030174-1A_HGKHYDSX7_L2	chromosome			106 length=1797 depth=4.91x	1797	0.5225375626043406	f9e1eb8e62a9eae333225d89a493c9bb	01399	CP016586.1	16s-rRNA	16S	1554	1	1544	242	1780						
AU_CKDN230030174-1A_HGKHYDSX7_L2	chromosome			121 length=1019 depth=12.11x	1019	0.5230618253189402	4e9d28016f7d72a720efaf6df18b26e6	00659	KX858825	ISPsy24	IS3	1245	230	1245	1	1019						
AU_CKDN230030174-1A_HGKHYDSX7_L2	plasmid	AC907		39 length=85941 depth=0.75x	85941	0.5825391838586937	b0017e4ef3fdab713f5b93f229784058	01253	CP016634	ISPa60	ISAs1	1228	1	1228	52432	53659	1228	minus	100.0	100.0	0.0	2268
AU_CKDN230030174-1A_HGKHYDSX7_L2	plasmid	AC907		39 length=85941 depth=0.75x	85941	0.5825391838586937	b0017e4ef3fdab713f5b93f229784058	00328	CP016634	ISVapa4	IS21	2605	1	2605	53733	56337	2605	minus	100.0	99.962	0.0	4806
AU_CKDN230030174-1A_HGKHYDSX7_L2	plasmid	AC907		39 length=85941 depth=0.75x	85941	0.5825391838586937	b0017e4ef3fdab713f5b93f229784058	00728	CP016634	ISRme10	IS30	1113	1	1113	63278	64390	1113	minus	100.0	100.0	0.0	2056
AV_CKDN230030175-1A_HGKHYDSX7_L2	chromosome			1 length=2012904 depth=1.00x	2012904	0.664579632212962	798a39b272ad31301bf1309221794cf9	00660	CP023316	IS222	IS3	1236	1	1236	428523	429757						
AV_CKDN230030175-1A_HGKHYDSX7_L2	chromosome			1 length=2012904 depth=1.00x	2012904	0.664579632212962	798a39b272ad31301bf1309221794cf9	00542	CP023316	ISPa32	IS3	1237	1	1237	1679404	1680637						
AV_CKDN230030175-1A_HGKHYDSX7_L2	chromosome			1 length=2012904 depth=1.00x	2012904	0.664579632212962	798a39b272ad31301bf1309221794cf9	00542	CP023316	ISPa32	IS3	1237	1	1237	1701480	1702706						
AV_CKDN230030175-1A_HGKHYDSX7_L2	chromosome			8 length=242008 depth=1.33x	242008	0.6707051006578295	5243baf172f191438d1a9056e3387e61	00662	CP016634	ISPsy11	IS3	1323	140	1323	8485	9668						
AW_CKDN230030176-1A_HGKHYDSX7_L2	chromosome			17 length=2639 depth=7.23x	2639	0.5293671845395983	f1dc44c9da24129cc0b32bff72bb0515	01400	CP016586.1	23s-rRNA	23S	3027	639	3027	86	2471						
AX_CKDN230030177-1A_HGKHYDSX7_L2	chromosome			1 length=495334 depth=1.02x	495334	0.5153028057835723	6eb11a210a22b4e5b389135032ad42b3	01247	NC_002695	ISEc5	ISAs1	1291	1	1291	228462	229752						
AX_CKDN230030177-1A_HGKHYDSX7_L2	chromosome			3 length=365705 depth=1.00x	365705	0.5092656649485241	610f1429bb5f6191e7c3fbc5c13726bf	00584	AP010953	ISEc16	IS3	1233	1	1233	340920	342152						
AX_CKDN230030177-1A_HGKHYDSX7_L2	chromosome			3 length=365705 depth=1.00x	365705	0.5092656649485241	610f1429bb5f6191e7c3fbc5c13726bf	00566	AP010953	ISSd1	IS3	1339	76	1339	357654	358917						
AX_CKDN230030177-1A_HGKHYDSX7_L2	chromosome			3 length=365705 depth=1.00x	365705	0.5092656649485241	610f1429bb5f6191e7c3fbc5c13726bf	00733	NC_000913	IS30D	IS30	1221	1	1221	359316	360536						
AX_CKDN230030177-1A_HGKHYDSX7_L2	chromosome			7 length=218811 depth=1.08x	218811	0.5022096695321533	244d0c5489064d379eefd29cd89183b1	00647	AP010958	ISCfr6	IS3	1258	1	1258	7781	9038						
AX_CKDN230030177-1A_HGKHYDSX7_L2	chromosome			15 length=116106 depth=1.10x	116106	0.5032470328837442	d255bb4d1eb7e8eccc1e4ac50cc2a5a5	01249	CP021335	ISEc26	ISAs1	1257	1	1257	79613	80868						
AX_CKDN230030177-1A_HGKHYDSX7_L2	chromosome			33 length=34665 depth=0.92x	34665	0.46519544208856195	a38c62fcce31093feff54f6be1178d34	01331	CP006262	ISEc38	ISL3	1695	1	1695	10803	12497						
AX_CKDN230030177-1A_HGKHYDSX7_L2	chromosome			54 length=6003 depth=0.96x	6003	0.5037481259370314	8f1e199cb07e68488b9b4e57e7cfc289	00650	NC_002695	ISEc31	IS3	1294	33	1294	687	1945						
AX_CKDN230030177-1A_HGKHYDSX7_L2	chromosome			63 length=1459 depth=7.73x	1459	0.5476353666895134	ec9b030349ba62a2121bb7e478fc9b25	01399	CP016586.1	16s-rRNA	16S	1554	96	1554	1	1459						
AX_CKDN230030177-1A_HGKHYDSX7_L2	chromosome			66 length=1283 depth=12.74x	1283	0.5401402961808262	402ca137d0bfcce65070e9b0e46664bc	00048	AP010953	ISCro4	IS110	1277	1	1277	5	1281						
AX_CKDN230030177-1A_HGKHYDSX7_L2	plasmid	AA474	AI612	67 length=1273 depth=8.32x	1273	0.5310290652003142	5a2700f2d4fb60ab4d07d34d90423d00	00625	KX786187	ISEc36	IS3	1320	1	1267	6	1273	1270	plus	96.0	80.63	0.0	977
AX_CKDN230030177-1A_HGKHYDSX7_L2	plasmid	AA667		41 length=17176 depth=0.33x	17176	0.4629133674895203	b5eaee46bc688f2e250a66cad9031d96	01263	MG053108	ISAeme2	ISAs1	6172	1698	6172	1163	5637	4475	plus	73.0	100.0	0.0	8264
AX_CKDN230030177-1A_HGKHYDSX7_L2	plasmid	AA667		41 length=17176 depth=0.33x	17176	0.4629133674895203	b5eaee46bc688f2e250a66cad9031d96	00543	JX424614	ISKpn34	IS3	1221	1	1221	11088	12308	1221	minus	100.0	98.935	0.0	2183
AX_CKDN230030177-1A_HGKHYDSX7_L2	plasmid	AA667		41 length=17176 depth=0.33x	17176	0.4629133674895203	b5eaee46bc688f2e250a66cad9031d96	00953	KY652381	IS903B	IS5	1057	1	1057	12391	13447	1057	minus	100.0	96.405	0.0	1742
AY_CKDN230030178-1A_HGKHYDSX7_L2	chromosome			4 length=428406 depth=0.82x	428406	0.49888657021610344	ea36666b3573ddf032410c79c2746d26	00215	AP010953	ISSen6	IS200/IS605	1746	1	1746	402279	404024						
AY_CKDN230030178-1A_HGKHYDSX7_L2	chromosome			8 length=194930 depth=1.00x	194930	0.5219822500384753	b2ddee149073e18e94ac1f98abddff7f	01247	NC_002695	ISEc5	ISAs1	1291	1	1291	39439	40729						
AY_CKDN230030178-1A_HGKHYDSX7_L2	chromosome			8 length=194930 depth=1.00x	194930	0.5219822500384753	b2ddee149073e18e94ac1f98abddff7f	01246	AP010953	ISEc1	ISAs1	1291	192	1289	40730	41827						
AY_CKDN230030178-1A_HGKHYDSX7_L2	chromosome			13 length=131191 depth=0.82x	131191	0.503205250360162	0417ecfd85134dd3f47fee710d3d9111	00208	NC_002695	IS609	IS200/IS605	1753	2	1753	75277	77028						
AY_CKDN230030178-1A_HGKHYDSX7_L2	chromosome			21 length=53787 depth=0.95x	53787	0.5047502184542734	b5e9cb8600d29d70f5bccd7c9ebcd25a	01247	NC_002695	ISEc5	ISAs1	1291	1	1291	45468	46758						
AY_CKDN230030178-1A_HGKHYDSX7_L2	chromosome			38 length=1463 depth=7.07x	1463	0.5481886534518113	4928a0aa8fd529c0fb7ea44a415c5640	01399	CP016586.1	16s-rRNA	16S	1554	96	1554	1	1459						
AY_CKDN230030178-1A_HGKHYDSX7_L2	chromosome			39 length=1136 depth=6.62x	1136	0.5404929577464789	fa289cb48287cdeae1fb8e57bc191fbb	00048	AP010953	ISCro4	IS110	1277	1	1133	1	1133						
AY_CKDN230030178-1A_HGKYJDSX7_L3	chromosome			4 length=428406 depth=0.81x	428406	0.49888657021610344	e85dee13d88bb0a8a151bf77d983a9d7	00215	AP010953	ISSen6	IS200/IS605	1746	1	1746	24383	26128						
AY_CKDN230030178-1A_HGKYJDSX7_L3	chromosome			8 length=194930 depth=1.00x	194930	0.5219822500384753	956d986015785565cf3831e0492bc661	01246	AP010953	ISEc1	ISAs1	1291	192	1289	153104	154201						
AY_CKDN230030178-1A_HGKYJDSX7_L3	chromosome			8 length=194930 depth=1.00x	194930	0.5219822500384753	956d986015785565cf3831e0492bc661	01247	NC_002695	ISEc5	ISAs1	1291	1	1291	154202	155492						
AY_CKDN230030178-1A_HGKYJDSX7_L3	chromosome			13 length=131191 depth=0.82x	131191	0.503205250360162	d58ec62fa2b209cafeb3f5033f763beb	00208	NC_002695	IS609	IS200/IS605	1753	2	1753	54164	55915						
AY_CKDN230030178-1A_HGKYJDSX7_L3	chromosome			21 length=53787 depth=0.95x	53787	0.5047502184542734	e136b29bd4dde7b669ba279c7ef5cf29	01247	NC_002695	ISEc5	ISAs1	1291	1	1291	7030	8320						
AY_CKDN230030178-1A_HGKYJDSX7_L3	chromosome			38 length=1463 depth=6.91x	1463	0.5481886534518113	ab3356bb9d55198adfb0dc6d46f3afd1	01399	CP016586.1	16s-rRNA	16S	1554	96	1554	5	1463						
AY_CKDN230030178-1A_HGKYJDSX7_L3	chromosome			39 length=1136 depth=6.76x	1136	0.5404929577464789	fa289cb48287cdeae1fb8e57bc191fbb	00048	AP010953	ISCro4	IS110	1277	1	1133	1	1133						
AZ_CKDN230030179-1A_HGKHYDSX7_L2	chromosome			38 length=3110 depth=7.61x	3110	0.5118971061093247	a6d1071dd6d9fd9fac50d801863704f8	01400	CP016586.1	23s-rRNA	23S	3027	662	3027	12	2373						
A_CKDN230030134-1A_HGKHYDSX7_L2	chromosome			4 length=380832 depth=1.29x	380832	0.559333249306781	913a53082e03614d7fc181b54ab06045	00634	CP024842	IS1400	IS3	1207	1	1197	38347	39542						
A_CKDN230030134-1A_HGKHYDSX7_L2	plasmid	AA275	AI077	15 length=91790 depth=0.42x	91790	0.5218433380542543	7df54e096a3135f5dc3e8a7299a5f520	01161	MF344567	ISKox1	IS66	2526	1	2526	68514	71039	2527	minus	100.0	90.859	0.0	3386
A_CKDN230030134-1A_HGKHYDSX7_L2	plasmid	AA275	AI077	21 length=52010 depth=0.42x	52010	0.5278023457027494	3458a5af69d77093aea244b7b697e124	00918	LT898486	ISKpn26	IS5	1197	1	1196	1023	2218	1196	minus	99.0	98.662	0.0	2121
A_CKDN230030134-1A_HGKHYDSX7_L2	plasmid	AA275	AI077	28 length=7341 depth=0.39x	7341	0.46669391091132	c699da1b1db01097f0343ec032260127	00163	KJ125070	ISEcp1	IS1380	2656	1	2656	2559	5217	2661	minus	100.0	96.618	0.0	4409
A_CKDN230030134-1A_HGKHYDSX7_L2	plasmid	AA275	AI077	43 length=1699 depth=0.45x	1699	0.5344320188346086	c0324e1416ac30022b8923d19ca0e3d2	00593	LT898485	ISEcl1	IS3	1336	3	1336	366	1699	1334	minus	99.0	98.426	0.0	2348
A_CKDN230030134-1A_HGKHYDSX7_L2	plasmid	AA275	AI077	49 length=1097 depth=7.59x	1097	0.5177757520510483	90354b464f204fa96aff95d730926c43	01077	NC_004851	IS630	IS630	1160	63	1159	1	1097	1098	minus	95.0	87.978	0.0	1295
A_CKDN230030134-1A_HGKHYDSX7_L2	plasmid	AA275	AI077	51 length=1006 depth=0.58x	1006	0.5347912524850894	61724a28267f8b584380eb29a662922d	00954	MF344567	IS903	IS5	1057	52	1057	1	1006	1007	minus	95.0	97.815	0.0	1736
BA_CKDN230030180-1A_HGKHYDSX7_L2	chromosome			3 length=647847 depth=1.44x	647847	0.512191921858093	c69617fc57e22ed9d80c76fab48cd74a	00208	NC_002695	IS609	IS200/IS605	1753	1	1753	225087	226835						
BA_CKDN230030180-1A_HGKHYDSX7_L2	chromosome			9 length=282204 depth=0.85x	282204	0.5596164476761492	d8ab68c97db045c06aa7d0bfb99b93eb	00543	JX424614	ISKpn34	IS3	1221	1	1221	241951	243170						
BA_CKDN230030180-1A_HGKHYDSX7_L2	chromosome			16 length=215119 depth=0.81x	215119	0.5660215973484444	ea7f72255aae4a78bd8e3f67e592fe89	00814	NC_007606	IS4	IS4	1427	2	1427	184804	186229						
BA_CKDN230030180-1A_HGKHYDSX7_L2	chromosome			25 length=122571 depth=0.84x	122571	0.581499702213411	2d440c1ec88690454cbb08f6fc145b68	00543	JX424614	ISKpn34	IS3	1221	1	1221	39327	40548						
BA_CKDN230030180-1A_HGKHYDSX7_L2	chromosome			25 length=122571 depth=0.84x	122571	0.581499702213411	2d440c1ec88690454cbb08f6fc145b68	00814	NC_007606	IS4	IS4	1427	1	1427	100621	102047						
BA_CKDN230030180-1A_HGKHYDSX7_L2	chromosome			72 length=1221 depth=6.82x	1221	0.5364455364455365	f346885850a5cc82c43b31dae8e7d6bf	00590	KX242350	ISEc17	IS3	1263	1	1226	1	1221						
BB_CKDN230030181-1A_HGKHYDSX7_L2	chromosome			4 length=428406 depth=0.80x	428406	0.49888657021610344	ea36666b3573ddf032410c79c2746d26	00215	AP010953	ISSen6	IS200/IS605	1746	1	1746	402279	404024						
BB_CKDN230030181-1A_HGKHYDSX7_L2	chromosome			8 length=194930 depth=1.02x	194930	0.5219822500384753	b2ddee149073e18e94ac1f98abddff7f	01247	NC_002695	ISEc5	ISAs1	1291	1	1291	39439	40729						
BB_CKDN230030181-1A_HGKHYDSX7_L2	chromosome			8 length=194930 depth=1.02x	194930	0.5219822500384753	b2ddee149073e18e94ac1f98abddff7f	01246	AP010953	ISEc1	ISAs1	1291	192	1289	40730	41827						
BB_CKDN230030181-1A_HGKHYDSX7_L2	chromosome			13 length=131191 depth=0.79x	131191	0.503205250360162	d58ec62fa2b209cafeb3f5033f763beb	00208	NC_002695	IS609	IS200/IS605	1753	2	1753	54164	55915						
BB_CKDN230030181-1A_HGKHYDSX7_L2	chromosome			20 length=53787 depth=0.97x	53787	0.5047502184542734	b5e9cb8600d29d70f5bccd7c9ebcd25a	01247	NC_002695	ISEc5	ISAs1	1291	1	1291	45468	46758						
BB_CKDN230030181-1A_HGKHYDSX7_L2	chromosome			38 length=1463 depth=7.08x	1463	0.5481886534518113	4928a0aa8fd529c0fb7ea44a415c5640	01399	CP016586.1	16s-rRNA	16S	1554	96	1554	1	1459						
BB_CKDN230030181-1A_HGKHYDSX7_L2	chromosome			39 length=1136 depth=6.45x	1136	0.5404929577464789	fa289cb48287cdeae1fb8e57bc191fbb	00048	AP010953	ISCro4	IS110	1277	1	1133	1	1133						
BB_CKDN230030181-1A_HGKYJDSX7_L3	chromosome			4 length=428406 depth=0.79x	428406	0.49888657021610344	ea36666b3573ddf032410c79c2746d26	00215	AP010953	ISSen6	IS200/IS605	1746	1	1746	402279	404024						
BB_CKDN230030181-1A_HGKYJDSX7_L3	chromosome			8 length=194930 depth=1.01x	194930	0.5219822500384753	956d986015785565cf3831e0492bc661	01246	AP010953	ISEc1	ISAs1	1291	192	1289	153104	154201						
BB_CKDN230030181-1A_HGKYJDSX7_L3	chromosome			8 length=194930 depth=1.01x	194930	0.5219822500384753	956d986015785565cf3831e0492bc661	01247	NC_002695	ISEc5	ISAs1	1291	1	1291	154202	155492						
BB_CKDN230030181-1A_HGKYJDSX7_L3	chromosome			13 length=131191 depth=0.80x	131191	0.503205250360162	d58ec62fa2b209cafeb3f5033f763beb	00208	NC_002695	IS609	IS200/IS605	1753	2	1753	54164	55915						
BB_CKDN230030181-1A_HGKYJDSX7_L3	chromosome			20 length=53787 depth=0.96x	53787	0.5047502184542734	b5e9cb8600d29d70f5bccd7c9ebcd25a	01247	NC_002695	ISEc5	ISAs1	1291	1	1291	45468	46758						
BB_CKDN230030181-1A_HGKYJDSX7_L3	chromosome			39 length=1463 depth=7.03x	1463	0.5481886534518113	4928a0aa8fd529c0fb7ea44a415c5640	01399	CP016586.1	16s-rRNA	16S	1554	96	1554	1	1459						
BB_CKDN230030181-1A_HGKYJDSX7_L3	chromosome			40 length=1136 depth=6.44x	1136	0.5404929577464789	fa289cb48287cdeae1fb8e57bc191fbb	00048	AP010953	ISCro4	IS110	1277	1	1133	1	1133						
BC_CKDN230030182-1A_HGKHYDSX7_L2	chromosome			1 length=721883 depth=0.84x	721883	0.645755614136917	d552f4659207a6d65aa15b13f00851a3	00623	CP016634	ISAisp2	IS3	1232	1	1232	370312	371542						
BC_CKDN230030182-1A_HGKHYDSX7_L2	chromosome			4 length=309400 depth=1.09x	309400	0.656628959276018	7f8ea81b4bd5c9581ad5517ad02992c1	00660	CP023316	IS222	IS3	1236	1	1236	63270	64505						
BC_CKDN230030182-1A_HGKHYDSX7_L2	chromosome			62 length=5424 depth=4.36x	5424	0.5199115044247787	a5d3af1e69c5d91179dd3ac53e623a57	01399	CP016586.1	16s-rRNA	16S	1554	1	1544	168	1706						
BC_CKDN230030182-1A_HGKHYDSX7_L2	chromosome			62 length=5424 depth=4.36x	5424	0.5199115044247787	a5d3af1e69c5d91179dd3ac53e623a57	01400	CP016586.1	23s-rRNA	23S	3027	639	3020	2730	5109						
BC_CKDN230030182-1A_HGKHYDSX7_L2	chromosome			82 length=1236 depth=3.06x	1236	0.5792880258899676	367eebd4367dfb709f132ae894336003	00660	CP023316	IS222	IS3	1236	1	1236	1	1236						
BC_CKDN230030182-1A_HGKHYDSX7_L2	chromosome			90 length=1110 depth=0.64x	1110	0.6198198198198198	b881e1ac8459c2f0a79d825875d6062f	00660	CP023316	IS222	IS3	1236	64	1173	1	1110						
BD_CKDN230030183-1A_HGKHYDSX7_L2	chromosome			42 length=1500 depth=5.79x	1500	0.5373333333333333	e90fce4d156a13d820e7569c1a50ab06	01399	CP016586.1	16s-rRNA	16S	1554	106	1544	50	1489						
B_CKDN230030135-1A_HGKHYDSX7_L2	chromosome			2 length=346735 depth=0.87x	346735	0.499684196865041	4aca46150523db0f7dd35c377f40f236	00215	AP010953	ISSen6	IS200/IS605	1746	1	1746	269801	271546						
B_CKDN230030135-1A_HGKHYDSX7_L2	chromosome			5 length=203126 depth=1.05x	203126	0.508738418518555	6e53f65d82827bbf9588c235b09f4764	01247	NC_002695	ISEc5	ISAs1	1291	1	1291	59525	60815						
B_CKDN230030135-1A_HGKHYDSX7_L2	chromosome			12 length=152659 depth=1.18x	152659	0.5047327704229688	e9e93bf7d8bc2e105f3b719e3806c7cc	00676	MF072964	ISCfr4	IS30	1253	1	1239	3191	4427						
B_CKDN230030135-1A_HGKHYDSX7_L2	chromosome			15 length=133185 depth=0.85x	133185	0.48075233697488456	5ddc58f542b29b3ed8c0cba90af4b5ce	01246	AP010953	ISEc1	ISAs1	1291	2	1291	130018	131307						
B_CKDN230030135-1A_HGKHYDSX7_L2	chromosome			16 length=123485 depth=1.13x	123485	0.4952099445276754	aa4fd898baafb26c5bb21c6ee6e1ec48	01249	CP021335	ISEc26	ISAs1	1257	1	1257	16597	17852						
B_CKDN230030135-1A_HGKHYDSX7_L2	chromosome			20 length=109431 depth=0.89x	109431	0.4946861492630059	ebb7966fa1e11a7e77f3666f243d7ffa	00215	AP010953	ISSen6	IS200/IS605	1746	1	1746	81836	83581						
B_CKDN230030135-1A_HGKHYDSX7_L2	chromosome			32 length=56893 depth=1.17x	56893	0.49202889634928726	300b244ec6525102d6f034b60b22ed32	00041	CP006027	ISSfl4	IS110	1468	11	1468	40667	42124						
B_CKDN230030135-1A_HGKHYDSX7_L2	chromosome			32 length=56893 depth=1.17x	56893	0.49202889634928726	300b244ec6525102d6f034b60b22ed32	00528	MG860488	ISSen1	IS3	1312	1	1241	47984	49219						
B_CKDN230030135-1A_HGKHYDSX7_L2	chromosome			46 length=4203 depth=0.28x	4203	0.522721865334285	1c223d469f122518850390fcd8a5975d	01168	AP010953	ISEc22	IS66	2454	1	2454	1270	3723						
B_CKDN230030135-1A_HGKHYDSX7_L2	chromosome			53 length=1427 depth=5.84x	1427	0.5360896986685354	79c37a426b6b4fd05c1d46a63dd10030	00814	NC_007606	IS4	IS4	1427	2	1427	2	1427						
B_CKDN230030135-1A_HGKHYDSX7_L2	chromosome			54 length=1239 depth=14.88x	1239	0.54317998385795	c94958f7b932eb0bdf80f066e3fd8326	00048	AP010953	ISCro4	IS110	1277	43	1277	5	1239						
B_CKDN230030135-1A_HGKHYDSX7_L2	plasmid	AA474	AI598	31 length=57238 depth=0.33x	57238	0.4972221251616059	b4065f4ec10422bf498a399eaf2ae4fd	01171	AP010953	ISCro1	IS66	2699	1	2699	54478	57176	2699	plus	100.0	100.0	0.0	4985
C_CKDN230030136-1A_HGKHYDSX7_L2	chromosome			29 length=16632 depth=1.21x	16632	0.5006012506012506	6a14f1ca8dabebb51188ebf611d5a111	00634	CP024842	IS1400	IS3	1207	1	1205	10603	11806						
C_CKDN230030136-1A_HGKHYDSX7_L2	chromosome			37 length=4421 depth=0.27x	4421	0.4731961094774938	f1a40e3c8b750a38c1e0453175a8bca5	00918	LT898486	ISKpn26	IS5	1197	1	1196	1023	2217						
C_CKDN230030136-1A_HGKHYDSX7_L2	chromosome			42 length=1463 depth=1.40x	1463	0.49760765550239233	d1200b573c7057b4375bbd6cff55b613	00028	JX424614	ISEc21	IS110	1374	1	1374	88	1461						
C_CKDN230030136-1A_HGKHYDSX7_L2	plasmid	AA816		47 length=1005 depth=4.44x	1005	0.536318407960199	0785d8d66fda74fe87d831b4b17163cf	00952	MG930932	IS102	IS5	1055	1	1005	2	1005	1006	plus	95.0	95.129	0.0	1583
C_CKDN230030136-1A_HGKHYDSX7_L2	plasmid	AB047		45 length=1193 depth=3.56x	1193	0.5356244761106455	39da10ec3cca9aff3a36f98236f96f58	00543	JX424614	ISKpn34	IS3	1221	1	1192	1	1192	1192	plus	98.0	96.141	0.0	1947
E_CKDN230030138-1A_HGKHYDSX7_L2	chromosome			10 length=194648 depth=0.13x circular=true	194648	0.49844848136122644	d8d4b789f15ec515f94dff3cde5617bd	00659	KX858825	ISPsy24	IS3	1245	4	1245	14089	15322						
E_CKDN230030138-1A_HGKHYDSX7_L2	chromosome			10 length=194648 depth=0.13x circular=true	194648	0.49844848136122644	d8d4b789f15ec515f94dff3cde5617bd	00543	JX424614	ISKpn34	IS3	1221	1	1213	100384	101578						
E_CKDN230030138-1A_HGKHYDSX7_L2	chromosome			24 length=106743 depth=1.13x	106743	0.5006792014464648	d779cf82b8dd2da7f27f15a8d7749bc4	01247	NC_002695	ISEc5	ISAs1	1291	2	1291	1373	2663						
E_CKDN230030138-1A_HGKHYDSX7_L2	chromosome			24 length=106743 depth=1.13x	106743	0.5006792014464648	d779cf82b8dd2da7f27f15a8d7749bc4	01247	NC_002695	ISEc5	ISAs1	1291	1	1291	4068	5358						
E_CKDN230030138-1A_HGKHYDSX7_L2	chromosome			30 length=61911 depth=1.04x	61911	0.47592511831500056	6f2eb42b72584429e3ff071818379038	01331	CP006262	ISEc38	ISL3	1695	1	1695	56527	58220						
E_CKDN230030138-1A_HGKHYDSX7_L2	chromosome			30 length=61911 depth=1.04x	61911	0.47592511831500056	6f2eb42b72584429e3ff071818379038	00918	LT898486	ISKpn26	IS5	1197	1	1012	60900	61911						
E_CKDN230030138-1A_HGKHYDSX7_L2	chromosome			36 length=46598 depth=1.25x	46598	0.47781020644662864	736c9765ac8b87f858fd7b42ff6921a7	00625	KX786187	ISEc36	IS3	1320	1	1318	24013	25331						
E_CKDN230030138-1A_HGKHYDSX7_L2	chromosome			37 length=46011 depth=1.25x	46011	0.48162395948794856	598c1971147be9ed72a8a59e19b45457	00336	NC_003134	ISEc39	IS256	1316	2	1313	3754	5053						
E_CKDN230030138-1A_HGKHYDSX7_L2	chromosome			37 length=46011 depth=1.25x	46011	0.48162395948794856	598c1971147be9ed72a8a59e19b45457	01331	CP006262	ISEc38	ISL3	1695	4	1694	11691	13376						
E_CKDN230030138-1A_HGKHYDSX7_L2	chromosome			39 length=38204 depth=1.28x	38204	0.5002355774264475	0876dab4efab1708ec4d1754187a76c9	01175	AP010960	ISEc43	IS66	2532	424	2532	26270	28358						
E_CKDN230030138-1A_HGKHYDSX7_L2	chromosome			42 length=25700 depth=1.28x	25700	0.48976653696498057	16be1eb8badfeb0778345b9a1418c018	00279	EU330199	IS100X	IS21	2247	293	2247	5601	7554						
E_CKDN230030138-1A_HGKHYDSX7_L2	chromosome			42 length=25700 depth=1.28x	25700	0.48976653696498057	16be1eb8badfeb0778345b9a1418c018	00288	CP011136	IS640	IS21	2131	1	1800	8400	10199						
E_CKDN230030138-1A_HGKHYDSX7_L2	chromosome			42 length=25700 depth=1.28x	25700	0.48976653696498057	16be1eb8badfeb0778345b9a1418c018	00028	JX424614	ISEc21	IS110	1374	1	1234	10197	11430						
E_CKDN230030138-1A_HGKHYDSX7_L2	chromosome			42 length=25700 depth=1.28x	25700	0.48976653696498057	16be1eb8badfeb0778345b9a1418c018	00077	KT777638	ISSfl8	IS110	1357	1	1357	15873	17211						
E_CKDN230030138-1A_HGKHYDSX7_L2	chromosome			42 length=25700 depth=1.28x	25700	0.48976653696498057	16be1eb8badfeb0778345b9a1418c018	00528	MG860488	ISSen1	IS3	1312	1	1312	17798	19083						
E_CKDN230030138-1A_HGKHYDSX7_L2	chromosome			42 length=25700 depth=1.28x	25700	0.48976653696498057	16be1eb8badfeb0778345b9a1418c018	01077	NC_004851	IS630	IS630	1160	1	1160	19273	20432						
E_CKDN230030138-1A_HGKHYDSX7_L2	chromosome			57 length=14583 depth=1.14x	14583	0.4979085236233971	7e948cdb5a68d3746ad391e3d55b340f	00814	NC_007606	IS4	IS4	1427	1	1427	7554	8981						
E_CKDN230030138-1A_HGKHYDSX7_L2	chromosome			61 length=10328 depth=1.25x	10328	0.4485863671572424	5e2ad1d4bee366c1ca560315220021c7	00453	AP010960	IS1203	IS3	1310	1	1310	8881	10190						
E_CKDN230030138-1A_HGKHYDSX7_L2	plasmid	AA176	AH856	34 length=49405 depth=0.49x	49405	0.46778666126910234	4243a8b92983cb1dc47cc232b251160e	00625	KX786187	ISEc36	IS3	1320	1	1318	24832	26150	1321	plus	99.0	81.075	0.0	1050
E_CKDN230030138-1A_HGKHYDSX7_L2	plasmid	AA176	AH856	34 length=49405 depth=0.49x	49405	0.46778666126910234	4243a8b92983cb1dc47cc232b251160e	00459	CP006262	IS629	IS3	1314	6	1314	38473	39781	1309	minus	99.0	97.785	0.0	2257
E_CKDN230030138-1A_HGKHYDSX7_L2	plasmid	AA176	AH856	67 length=7695 depth=0.48x	7695	0.4944769330734243	6d96984400ed14535eb488c0ca9d3296	00029	JX077110	ISEc32	IS110	1180	1	1180	4621	5800	1180	minus	100.0	99.746	0.0	2163
E_CKDN230030138-1A_HGKHYDSX7_L2	plasmid	AA176	AH856	99 length=2454 depth=1.87x	2454	0.5709046454767727	3688bf77790ba759f08c7792f75f6142	01168	AP010953	ISEc22	IS66	2454	1	2454	1	2454	2454	minus	100.0	99.674	0.0	4488
E_CKDN230030138-1A_HGKHYDSX7_L2	plasmid	AA327	AI225	111 length=1688 depth=1.20x	1688	0.5491706161137441	f44e915290d697ec6c5a9a9d22ab9e48	01207	KP017243	ISSbo1	IS91	1713	1	1353	336	1688	1353	minus	79.0	94.457	0.0	2084
E_CKDN230030138-1A_HGKHYDSX7_L2	plasmid	AA327	AI225	126 length=1013 depth=2.60x	1013	0.5459032576505429	3f39d1aee3bc626495f8b3907f1aed99	00918	LT898486	ISKpn26	IS5	1197	1	1011	2	1012	1012	minus	84.0	93.182	0.0	1485
F_CKDN230030139-1A_HGKHYDSX7_L2	chromosome			1 length=467812 depth=0.93x	467812	0.6327114310877019	b5a3869e6ae1c23680ce5c1e0aa5a052	01172	KY883660	ISPpu30	IS66	2347	1	2321	279409	281722						
F_CKDN230030139-1A_HGKHYDSX7_L2	chromosome			99 length=1652 depth=7.97x	1652	0.5284503631961259	004335d0b74ba13f4acee5ccc8fc4028	01399	CP016586.1	16s-rRNA	16S	1554	1	1544	97	1635						
F_CKDN230030139-1A_HGKHYDSX7_L2	chromosome			103 length=1323 depth=4.93x	1323	0.54572940287226	2d189bd8ed4b148c1e8dcd3617d6fb2b	00662	CP016634	ISPsy11	IS3	1323	1	1323	1	1323						
F_CKDN230030139-1A_HGKHYDSX7_L2	plasmid	AC907		40 length=45012 depth=1.20x	45012	0.5994401492935217	b3f92724a07efd2109cca672ce51931c	00328	CP016634	ISVapa4	IS21	2605	1	2605	4738	7342	2605	plus	100.0	100.0	0.0	4811
F_CKDN230030139-1A_HGKHYDSX7_L2	plasmid	AC907		40 length=45012 depth=1.20x	45012	0.5994401492935217	b3f92724a07efd2109cca672ce51931c	01253	CP016634	ISPa60	ISAs1	1228	1	1228	7416	8643	1228	plus	100.0	100.0	0.0	2268
F_CKDN230030139-1A_HGKHYDSX7_L2	plasmid	AC907		75 length=14122 depth=1.16x	14122	0.5786007647641978	04330da804c8bd5db1c07898a2fb77e1	00728	CP016634	ISRme10	IS30	1113	1	1113	12216	13328	1113	plus	100.0	100.0	0.0	2056
F_CKDN230030139-1A_HGKHYDSX7_L2	plasmid	AC907		106 length=1113 depth=5.47x	1113	0.6028751123090745	d1fe6d908c429a73f052bd1e6895f424	00728	CP016634	ISRme10	IS30	1113	1	1113	1	1113	1114	plus	100.0	91.023	0.0	1502
H_CKDN230030141-1A_HGKHYDSX7_L2	chromosome			4 length=428406 depth=0.83x	428406	0.49888657021610344	e85dee13d88bb0a8a151bf77d983a9d7	00215	AP010953	ISSen6	IS200/IS605	1746	1	1746	24383	26128						
H_CKDN230030141-1A_HGKHYDSX7_L2	chromosome			8 length=194930 depth=1.01x	194930	0.5219822500384753	b2ddee149073e18e94ac1f98abddff7f	01247	NC_002695	ISEc5	ISAs1	1291	1	1291	39439	40729						
H_CKDN230030141-1A_HGKHYDSX7_L2	chromosome			8 length=194930 depth=1.01x	194930	0.5219822500384753	b2ddee149073e18e94ac1f98abddff7f	01246	AP010953	ISEc1	ISAs1	1291	192	1289	40730	41827						
H_CKDN230030141-1A_HGKHYDSX7_L2	chromosome			13 length=131191 depth=0.84x	131191	0.503205250360162	0417ecfd85134dd3f47fee710d3d9111	00208	NC_002695	IS609	IS200/IS605	1753	2	1753	75277	77028						
H_CKDN230030141-1A_HGKHYDSX7_L2	chromosome			21 length=53787 depth=0.97x	53787	0.5047502184542734	b5e9cb8600d29d70f5bccd7c9ebcd25a	01247	NC_002695	ISEc5	ISAs1	1291	1	1291	45468	46758						
H_CKDN230030141-1A_HGKHYDSX7_L2	chromosome			39 length=1463 depth=7.02x	1463	0.5481886534518113	4928a0aa8fd529c0fb7ea44a415c5640	01399	CP016586.1	16s-rRNA	16S	1554	96	1554	1	1459						
H_CKDN230030141-1A_HGKHYDSX7_L2	chromosome			40 length=1136 depth=6.79x	1136	0.5404929577464789	fa289cb48287cdeae1fb8e57bc191fbb	00048	AP010953	ISCro4	IS110	1277	1	1133	1	1133						
J_CKDN230030143-1A_HGKHYDSX7_L2	chromosome			1 length=491742 depth=0.89x	491742	0.49598569981819735	88b756cafdc59dbe7930d431b8cf4ec8	00215	AP010953	ISSen6	IS200/IS605	1746	1	1746	299634	301379						
J_CKDN230030143-1A_HGKHYDSX7_L2	chromosome			1 length=491742 depth=0.89x	491742	0.49598569981819735	88b756cafdc59dbe7930d431b8cf4ec8	00215	AP010953	ISSen6	IS200/IS605	1746	1	1643	432366	434007						
J_CKDN230030143-1A_HGKHYDSX7_L2	chromosome			1 length=491742 depth=0.89x	491742	0.49598569981819735	88b756cafdc59dbe7930d431b8cf4ec8	01154	JN157804	ISEc23	IS66	2534	128	2533	467779	470183						
J_CKDN230030143-1A_HGKHYDSX7_L2	chromosome			2 length=481623 depth=0.91x	481623	0.4959376940054773	4ed208820f6eef3f8c56949b9ff8825c	00215	AP010953	ISSen6	IS200/IS605	1746	1	1746	26639	28384						
J_CKDN230030143-1A_HGKHYDSX7_L2	chromosome			4 length=382688 depth=1.00x	382688	0.5068463082197509	71803866981cec475793b13d65539e64	00279	EU330199	IS100X	IS21	2247	294	2247	2090	4043						
J_CKDN230030143-1A_HGKHYDSX7_L2	chromosome			4 length=382688 depth=1.00x	382688	0.5068463082197509	71803866981cec475793b13d65539e64	00163	KJ125070	ISEcp1	IS1380	2656	1	2656	148716	151374						
J_CKDN230030143-1A_HGKHYDSX7_L2	chromosome			10 length=190410 depth=1.04x	190410	0.5122945223465154	27dc0a8a9690f795afa919eafb4da836	01247	NC_002695	ISEc5	ISAs1	1291	1	1291	45398	46688						
J_CKDN230030143-1A_HGKHYDSX7_L2	chromosome			16 length=116633 depth=1.13x	116633	0.4981266022480773	03221a1925a83123468940fe24cbf8c8	01249	CP021335	ISEc26	ISAs1	1257	1	1257	1654	2910						
J_CKDN230030143-1A_HGKHYDSX7_L2	chromosome			18 length=103821 depth=1.17x	103821	0.5086061586769536	f243c3f8be215e991c68d7a2b96d7d72	00733	NC_000913	IS30D	IS30	1221	1	1221	83486	84706						
J_CKDN230030143-1A_HGKHYDSX7_L2	chromosome			18 length=103821 depth=1.17x	103821	0.5086061586769536	f243c3f8be215e991c68d7a2b96d7d72	00910	CP023316	ISPpu18	IS5	1192	34	1192	85624	86782						
J_CKDN230030143-1A_HGKHYDSX7_L2	chromosome			19 length=97985 depth=1.20x	97985	0.519457059754044	7aa9ccb24699e7f9e6a0b3ccc5f84f9b	00215	AP010953	ISSen6	IS200/IS605	1746	1	1746	41407	43151						
J_CKDN230030143-1A_HGKHYDSX7_L2	chromosome			20 length=81623 depth=1.20x	81623	0.5022113864964532	bcce16b4a00e1af6929de06fb94f48c1	00814	NC_007606	IS4	IS4	1427	2	1427	44967	46392						
J_CKDN230030143-1A_HGKHYDSX7_L2	chromosome			20 length=81623 depth=1.20x	81623	0.5022113864964532	bcce16b4a00e1af6929de06fb94f48c1	00492	NC_007606	IS911	IS3	1251	1	1251	50002	51249						
J_CKDN230030143-1A_HGKHYDSX7_L2	chromosome			20 length=81623 depth=1.20x	81623	0.5022113864964532	bcce16b4a00e1af6929de06fb94f48c1	00566	AP010953	ISSd1	IS3	1339	74	1339	53760	55025						
J_CKDN230030143-1A_HGKHYDSX7_L2	chromosome			21 length=71266 depth=0.86x	71266	0.4813375242050908	febdcf952ae028d193bb7bab7f302c0a	01246	AP010953	ISEc1	ISAs1	1291	2	1291	1647	2937						
J_CKDN230030143-1A_HGKHYDSX7_L2	chromosome			22 length=69060 depth=1.12x	69060	0.49926151172893135	e378d5c240ed153f66f033841ac648bb	01077	NC_004851	IS630	IS630	1160	1	1160	44788	45947						
J_CKDN230030143-1A_HGKHYDSX7_L2	chromosome			32 length=13715 depth=0.96x	13715	0.5114108640174991	fe27f2d045dffba0b84a48bce9a90ba8	01331	CP006262	ISEc38	ISL3	1695	1	1695	10757	12453						
K_CKDN230030144-1A_HGKHYDSX7_L2	chromosome			4 length=428406 depth=0.81x	428406	0.49888657021610344	e85dee13d88bb0a8a151bf77d983a9d7	00215	AP010953	ISSen6	IS200/IS605	1746	1	1746	24383	26128						
K_CKDN230030144-1A_HGKHYDSX7_L2	chromosome			8 length=194930 depth=1.01x	194930	0.5219822500384753	956d986015785565cf3831e0492bc661	01246	AP010953	ISEc1	ISAs1	1291	192	1289	153104	154201						
K_CKDN230030144-1A_HGKHYDSX7_L2	chromosome			8 length=194930 depth=1.01x	194930	0.5219822500384753	956d986015785565cf3831e0492bc661	01247	NC_002695	ISEc5	ISAs1	1291	1	1291	154202	155492						
K_CKDN230030144-1A_HGKHYDSX7_L2	chromosome			13 length=131191 depth=0.81x	131191	0.503205250360162	d58ec62fa2b209cafeb3f5033f763beb	00208	NC_002695	IS609	IS200/IS605	1753	2	1753	54164	55915						
K_CKDN230030144-1A_HGKHYDSX7_L2	chromosome			21 length=53787 depth=0.97x	53787	0.5047502184542734	b5e9cb8600d29d70f5bccd7c9ebcd25a	01247	NC_002695	ISEc5	ISAs1	1291	1	1291	45468	46758						
K_CKDN230030144-1A_HGKHYDSX7_L2	chromosome			39 length=1463 depth=6.95x	1463	0.5481886534518113	4928a0aa8fd529c0fb7ea44a415c5640	01399	CP016586.1	16s-rRNA	16S	1554	96	1554	1	1459						
K_CKDN230030144-1A_HGKHYDSX7_L2	chromosome			40 length=1136 depth=6.58x	1136	0.5404929577464789	fa289cb48287cdeae1fb8e57bc191fbb	00048	AP010953	ISCro4	IS110	1277	1	1133	1	1133						
P_CKDN230030146-1A_HGKHYDSX7_L2	chromosome			4 length=380832 depth=1.32x	380832	0.559333249306781	95a52ad32c733262e2073ea7d4033355	00634	CP024842	IS1400	IS3	1207	1	1197	341291	342486						
P_CKDN230030146-1A_HGKHYDSX7_L2	plasmid	AA275	AI077	21 length=52010 depth=0.48x	52010	0.5278023457027494	3458a5af69d77093aea244b7b697e124	00918	LT898486	ISKpn26	IS5	1197	1	1196	1023	2218	1196	minus	99.0	98.662	0.0	2121
P_CKDN230030146-1A_HGKHYDSX7_L2	plasmid	AA275	AI077	25 length=26868 depth=0.50x	26868	0.5387821944320381	a3e9b54e61b40e68760f7c7a21a76fec	01161	MF344567	ISKox1	IS66	2526	1	2526	3592	6117	2527	minus	100.0	90.859	0.0	3386
P_CKDN230030146-1A_HGKHYDSX7_L2	plasmid	AA275	AI077	29 length=7341 depth=0.46x	7341	0.46669391091132	c699da1b1db01097f0343ec032260127	00163	KJ125070	ISEcp1	IS1380	2656	1	2656	2559	5217	2661	minus	100.0	96.618	0.0	4409
P_CKDN230030146-1A_HGKHYDSX7_L2	plasmid	AA275	AI077	44 length=1699 depth=0.46x	1699	0.5344320188346086	6dde9e9a2df948c8e04c8c39ee345264	00593	LT898485	ISEcl1	IS3	1336	3	1336	1	1334	1334	plus	99.0	98.426	0.0	2348
P_CKDN230030146-1A_HGKHYDSX7_L2	plasmid	AA275	AI077	51 length=1098 depth=7.61x	1098	0.5182149362477231	0aeaf489c70d6913306427b4cb4eb7c1	01077	NC_004851	IS630	IS630	1160	62	1159	1	1098	1099	plus	95.0	87.989	0.0	1297
Q_CKDN230030147-1A_HGKHYDSX7_L2	chromosome			4 length=380832 depth=1.33x	380832	0.559333249306781	95a52ad32c733262e2073ea7d4033355	00634	CP024842	IS1400	IS3	1207	1	1197	341291	342486						
Q_CKDN230030147-1A_HGKHYDSX7_L2	plasmid	AA275	AI077	16 length=91620 depth=0.53x	91620	0.5084261078367168	c751806084eecdb3b0325265c075c408	00954	MF344567	IS903	IS5	1057	1	1057	83008	84064	1057	plus	100.0	99.432	0.0	1919
Q_CKDN230030147-1A_HGKHYDSX7_L2	plasmid	AA275	AI077	22 length=51633 depth=0.55x	51633	0.5274533728429492	595449c74eebf6a73b4d52d19908ec95	00918	LT898486	ISKpn26	IS5	1197	1	1196	646	1841	1196	minus	99.0	98.662	0.0	2121
Q_CKDN230030147-1A_HGKHYDSX7_L2	plasmid	AA275	AI077	27 length=32944 depth=0.57x	32944	0.541130403108305	44ac439a9ba3c814fdb7e0c337abe9d7	00954	MF344567	IS903	IS5	1057	1	1057	5071	6127	1058	minus	100.0	97.637	0.0	1814
Q_CKDN230030147-1A_HGKHYDSX7_L2	plasmid	AA275	AI077	27 length=32944 depth=0.57x	32944	0.541130403108305	44ac439a9ba3c814fdb7e0c337abe9d7	01161	MF344567	ISKox1	IS66	2526	1	2526	26828	29353	2527	plus	100.0	90.859	0.0	3386
Q_CKDN230030147-1A_HGKHYDSX7_L2	plasmid	AA275	AI077	30 length=7341 depth=0.52x	7341	0.46669391091132	c699da1b1db01097f0343ec032260127	00163	KJ125070	ISEcp1	IS1380	2656	1	2656	2559	5217	2661	minus	100.0	96.618	0.0	4409
Q_CKDN230030147-1A_HGKHYDSX7_L2	plasmid	AA275	AI077	44 length=1699 depth=0.54x	1699	0.5344320188346086	c0324e1416ac30022b8923d19ca0e3d2	00593	LT898485	ISEcl1	IS3	1336	3	1336	366	1699	1334	minus	99.0	98.426	0.0	2348
Q_CKDN230030147-1A_HGKHYDSX7_L2	plasmid	AA275	AI077	50 length=1098 depth=7.66x	1098	0.5182149362477231	c5a0858548375d1612d0f66f490b8f49	01077	NC_004851	IS630	IS630	1160	62	1159	1	1098	1099	minus	95.0	87.989	0.0	1297
R_CKDN230030148-1A_HGKHYDSX7_L2	chromosome			2 length=649049 depth=0.82x	649049	0.49408596269310945	3e883c9bdf8668497019cccfe39e6c05	00215	AP010953	ISSen6	IS200/IS605	1746	1	1746	93453	95198						
R_CKDN230030148-1A_HGKHYDSX7_L2	chromosome			2 length=649049 depth=0.82x	649049	0.49408596269310945	3e883c9bdf8668497019cccfe39e6c05	01246	AP010953	ISEc1	ISAs1	1291	2	1291	421466	422756						
R_CKDN230030148-1A_HGKHYDSX7_L2	chromosome			2 length=649049 depth=0.82x	649049	0.49408596269310945	3e883c9bdf8668497019cccfe39e6c05	00215	AP010953	ISSen6	IS200/IS605	1746	1	1746	448193	449938						
R_CKDN230030148-1A_HGKHYDSX7_L2	chromosome			3 length=425695 depth=1.06x	425695	0.5039758512550065	78740cbdee830bee654e8817317bd602	00288	CP011136	IS640	IS21	2131	1	2131	93859	95989						
R_CKDN230030148-1A_HGKHYDSX7_L2	chromosome			3 length=425695 depth=1.06x	425695	0.5039758512550065	78740cbdee830bee654e8817317bd602	01140	AB024946	IS679	IS66	2704	10	1786	95990	97766						
R_CKDN230030148-1A_HGKHYDSX7_L2	chromosome			4 length=359443 depth=1.00x	359443	0.5161235578380995	9c1d8abe5af7fa87528e798a7e4ed828	01247	NC_002695	ISEc5	ISAs1	1291	1	1291	215236	216526						
R_CKDN230030148-1A_HGKHYDSX7_L2	chromosome			12 length=126365 depth=1.03x	126365	0.4922407312151308	157fd10545cddf53e6edb5b0437d290e	01249	CP021335	ISEc26	ISAs1	1257	1	1257	105331	106586						
R_CKDN230030148-1A_HGKHYDSX7_L2	chromosome			54 length=1112 depth=15.16x	1112	0.5431654676258992	3f73e642eae5bd339cbaff58fe9c6a9c	00048	AP010953	ISCro4	IS110	1277	33	1144	1	1112						
R_CKDN230030148-1A_HGKHYDSX7_L2	plasmid	AA833		21 length=48612 depth=0.34x	48612	0.475726158150251	e5d4d31f8c304f698ce1191f06c0586c	00647	AP010958	ISCfr6	IS3	1258	1	1258	35209	36466	1258	plus	100.0	99.921	0.0	2318
R_CKDN230030148-1A_HGKHYDSX7_L2	plasmid	AA175	AH848	41 length=7310 depth=0.30x	7310	0.5314637482900136	d006001c402c1893443b138e06b809b2	01154	JN157804	ISEc23	IS66	2534	2	2533	4398	6929	2532	minus	99.0	99.921	0.0	4665
R_CKDN230030148-1A_HGKHYDSX7_L2	plasmid	AA175	AH848	43 length=6022 depth=0.34x	6022	0.557622052474261	c1d83f31d2782df6d4673590fb8d59f9	00029	JX077110	ISEc32	IS110	1180	1	1180	4839	6018	1180	plus	100.0	99.831	0.0	2169
R_CKDN230030148-1A_HGKHYDSX7_L2	plasmid	AA175	AH848	49 length=1686 depth=2.37x	1686	0.5492289442467378	d2f403ed9085bbae2ad93400d245e8ed	01207	KP017243	ISSbo1	IS91	1713	3	1353	1	1351	1351	plus	79.0	94.523	0.0	2085
R_CKDN230030148-1A_HGKHYDSX7_L2	plasmid	AA175	AH848	51 length=1426 depth=1.50x	1426	0.5350631136044881	c88d8721e4742472c624e2ae4260c22e	00814	NC_007606	IS4	IS4	1427	2	1427	1	1426	1426	plus	99.0	98.738	0.0	2534
R_CKDN230030148-1A_HGKHYDSX7_L2	plasmid	AA175	AH848	55 length=1088 depth=1.75x	1088	0.53125	d5c872e23c85719b2debcdef0572923b	00645	MF072965	ISBrsa1	IS3	1250	91	1180	1	1088	1090	plus	87.0	98.716	0.0	1934
S_CKDN230030149-1A_HGKHYDSX7_L2	chromosome			1 length=1755975 depth=1.00x	1755975	0.6645823545323823	440b04ec70d73ee2727d8d53d2b6130a	00542	CP023316	ISPa32	IS3	1237	1	1237	338659	339894						
S_CKDN230030149-1A_HGKHYDSX7_L2	chromosome			1 length=1755975 depth=1.00x	1755975	0.6645823545323823	440b04ec70d73ee2727d8d53d2b6130a	00542	CP023316	ISPa32	IS3	1237	1	1237	403424	404659						
S_CKDN230030149-1A_HGKHYDSX7_L2	chromosome			2 length=1347843 depth=0.96x	1347843	0.6616913097445326	a5a42e16cad825d0e2cec8b73285d038	00660	CP023316	IS222	IS3	1236	1	1236	504408	505643						
S_CKDN230030149-1A_HGKHYDSX7_L2	chromosome			3 length=942075 depth=1.29x	942075	0.6655542286972905	2a404328c3b45587867e8c91ecded697	00662	CP016634	ISPsy11	IS3	1323	140	1323	429735	430918						
T_CKDN230030150-1A_HGKHYDSX7_L2	chromosome			1 length=531758 depth=0.92x	531758	0.49245145348071867	e6425adef13e4199f45abaa5f609b138	00954	MF344567	IS903	IS5	1057	1	1057	465360	466416						
T_CKDN230030150-1A_HGKHYDSX7_L2	chromosome			1 length=531758 depth=0.92x	531758	0.49245145348071867	e6425adef13e4199f45abaa5f609b138	00215	AP010953	ISSen6	IS200/IS605	1746	1	1643	489376	491000						
T_CKDN230030150-1A_HGKHYDSX7_L2	chromosome			2 length=391686 depth=0.96x	391686	0.5110445612046384	2d88014e4cb71db30b6731b7bdf14dd2	01247	NC_002695	ISEc5	ISAs1	1291	1	1291	1645	2934						
T_CKDN230030150-1A_HGKHYDSX7_L2	chromosome			16 length=106719 depth=1.13x	106719	0.49808375265885174	24d4199e052e79d21efe7ae23db476dd	01247	NC_002695	ISEc5	ISAs1	1291	1	1280	24199	25478						
T_CKDN230030150-1A_HGKHYDSX7_L2	chromosome			21 length=75867 depth=1.23x	75867	0.49424651034046424	0885a93d53eca29efd67e6c47a8ea446	01246	AP010953	ISEc1	ISAs1	1291	1	1291	73206	74496						
T_CKDN230030150-1A_HGKHYDSX7_L2	chromosome			23 length=70966 depth=1.03x	70966	0.47904630386382213	748af06c2a2db6064ad513eceef10902	01331	CP006262	ISEc38	ISL3	1695	1	1695	63273	64967						
T_CKDN230030150-1A_HGKHYDSX7_L2	chromosome			28 length=50620 depth=1.21x	50620	0.5079020150138285	a860733c57efb908acd716bcaaeb1d6f	00543	JX424614	ISKpn34	IS3	1221	130	1221	39139	40230						
T_CKDN230030150-1A_HGKHYDSX7_L2	chromosome			36 length=25985 depth=0.92x	25985	0.498787762170483	ab884a1fa7a38407321ef24a2ebe433c	00215	AP010953	ISSen6	IS200/IS605	1746	1	1746	11024	12768						
T_CKDN230030150-1A_HGKHYDSX7_L2	chromosome			40 length=17161 depth=1.03x	17161	0.47031058796107456	fede05296acac54e02e12ae21eca0230	00650	NC_002695	ISEc31	IS3	1294	33	1294	205	1463						
T_CKDN230030150-1A_HGKHYDSX7_L2	chromosome			48 length=1466 depth=7.61x	1466	0.5477489768076398	52e8b3047578e7867db7656b3f59cbc7	01399	CP016586.1	16s-rRNA	16S	1554	93	1554	5	1466						
T_CKDN230030150-1A_HGKHYDSX7_L2	chromosome			50 length=1347 depth=2.13x	1347	0.512249443207127	bddbed20dd7969e04a951eaef16c88c1	00786	NC_000913	IS186A	IS4	1345	1	1345	2	1346						
T_CKDN230030150-1A_HGKHYDSX7_L2	chromosome			53 length=1281 depth=6.07x	1281	0.5339578454332553	26c58597d91ecc930c84c20458e9a7bd	00048	AP010953	ISCro4	IS110	1277	1	1277	5	1281						
T_CKDN230030150-1A_HGKHYDSX7_L2	chromosome			54 length=1258 depth=8.14x	1258	0.5357710651828299	2110d1dde34f360f2be233be2eb5b66e	00590	KX242350	ISEc17	IS3	1263	1	1263	1	1258						
T_CKDN230030150-1A_HGKHYDSX7_L2	chromosome			57 length=1056 depth=3.64x	1056	0.5293560606060606	97ec2b38762fcb771cb8dd902e39be30	00952	MG930932	IS102	IS5	1055	1	1055	2	1055						
W_CKDN230030151-1A_HGKHYDSX7_L2	chromosome			5 length=324523 depth=1.17x	324523	0.6052390739639409	08d4be3b7ddcf8bd507a0ee8432f3622	00658	CP022426	ISAs6	IS3	1238	1	1238	267859	269097						
W_CKDN230030151-1A_HGKHYDSX7_L2	chromosome			26 length=1198 depth=4.58x	1198	0.5592654424040067	fb6e3b151662de40e6940553427adc01	00825	CP022426	ISAs19	IS481	1198	1	1198	1	1198						
W_CKDN230030151-1A_HGKHYDSX7_L2	chromosome			28 length=1032 depth=2.02x	1032	0.5939922480620154	2a5a3c4d544b4e47e57ab5b7c1905c62	00186	CP022426	ISAhy1	IS1595	1032	1	1032	1	1032						
Y_CKDN230030152-1A_HGKHYDSX7_L2	chromosome			69 length=17161 depth=0.32x	17161	0.47031058796107456	d91d726a099626ec5eb9c2c11d21fbab	00650	NC_002695	ISEc31	IS3	1294	33	1294	15699	16957						
Y_CKDN230030152-1A_HGKHYDSX7_L2	chromosome			87 length=15474 depth=1.25x	15474	0.46167765283701695	07bfce7620f070161c6adff27f8bbaa7	01246	AP010953	ISEc1	ISAs1	1291	1	1291	12674	13964						
Y_CKDN230030152-1A_HGKHYDSX7_L2	chromosome			94 length=14937 depth=0.37x	14937	0.49340563700877016	1325cd55d2d3fd705a6209449789e4e8	00543	JX424614	ISKpn34	IS3	1221	130	1221	3725	4816						
Y_CKDN230030152-1A_HGKHYDSX7_L2	chromosome			122 length=11856 depth=0.32x	11856	0.4832995951417004	12f6edffbbe3a94c81e5961acb57376b	01331	CP006262	ISEc38	ISL3	1695	1	1695	6000	7694						
Y_CKDN230030152-1A_HGKHYDSX7_L2	chromosome			436 length=2598 depth=0.72x	2598	0.394919168591224	39ce0d3881b071e3ee24772d008cadab	01249	CP021335	ISEc26	ISAs1	1257	1	1227	1372	2598						
Y_CKDN230030152-1A_HGKHYDSX7_L2	chromosome			625 length=1459 depth=8.41x	1459	0.5476353666895134	48c869e579bd00f8e2e6ff8ad6a3b57c	01399	CP016586.1	16s-rRNA	16S	1554	96	1554	1	1459						
Y_CKDN230030152-1A_HGKHYDSX7_L2	chromosome			655 length=1341 depth=4.20x	1341	0.5130499627143923	cf561add91eec75cbbe9b1c868eea472	00786	NC_000913	IS186A	IS4	1345	4	1344	1	1341						
Y_CKDN230030152-1A_HGKHYDSX7_L2	chromosome			680 length=1279 depth=1.90x	1279	0.5340109460516028	ea0b22a8714c00ccde9d76990a8b352b	00048	AP010953	ISCro4	IS110	1277	1	1277	1	1277						
Y_CKDN230030152-1A_HGKHYDSX7_L2	plasmid	AA474	AI612	1 length=92349 depth=0.34x	92349	0.49342169379202805	4500bb0ca487c6c79de7c8bcdc2bf3bd	00626	KU997026	ISEc27	IS3	1329	1	1329	59010	60340	1333	plus	100.0	80.645	0.0	1027
Y_CKDN230030152-1A_HGKHYDSX7_L2	plasmid	AA474	AI612	191 length=7521 depth=0.41x	7521	0.5301156761069007	f882bc4115654b6feae8f7adf9006d17	00954	MF344567	IS903	IS5	1057	4	1057	3790	4843	1055	minus	99.0	97.536	0.0	1803
Y_CKDN230030152-1A_HGKHYDSX7_L2	plasmid	AA474	AI612	716 length=1160 depth=4.41x	1160	0.5370689655172414	a4287bae3bd88d918c3ac2bd2194e7b7	00918	LT898486	ISKpn26	IS5	1197	1	1160	1	1160	1160	minus	97.0	99.655	0.0	2121
Y_CKDN230030152-1A_HGKHYDSX7_L2	plasmid	AD548		53 length=19615 depth=0.79x	19615	0.46806015804231454	d3b8707c88b8f78cb21c062ac4391f5d	00028	JX424614	ISEc21	IS110	1374	1	1374	7081	8454	1374	minus	100.0	92.576	0.0	1973
Z_CKDN230030153-1A_HGKHYDSX7_L2	chromosome			17 length=96536 depth=1.10x	96536	0.4981457694538825	c20c33a4410f10e364564d879b963c16	01246	AP010953	ISEc1	ISAs1	1291	1	1291	93736	95026						
Z_CKDN230030153-1A_HGKHYDSX7_L2	chromosome			40 length=35895 depth=1.07x	35895	0.5424432372196685	ca1941f038ccbcdd62d1ac6b79d40d50	01247	NC_002695	ISEc5	ISAs1	1291	1	1280	27673	28952						
Z_CKDN230030153-1A_HGKHYDSX7_L2	chromosome			56 length=16653 depth=0.96x	16653	0.4897015552753258	e2223345c7ccb6ddb914f965d863dd25	01247	NC_002695	ISEc5	ISAs1	1291	1	1291	1587	2876						
Z_CKDN230030153-1A_HGKHYDSX7_L2	chromosome			58 length=15227 depth=0.91x	15227	0.49300584488080385	cf6f0318af058624eaaa73407b440e7d	01249	CP021335	ISEc26	ISAs1	1257	1	1257	1372	2628						
Z_CKDN230030153-1A_HGKHYDSX7_L2	chromosome			86 length=1698 depth=6.92x	1698	0.5276796230859835	2d426594961cae45e16cdf3f17fb2889	01399	CP016586.1	16s-rRNA	16S	1554	1	1554	1	1554						
Z_CKDN230030153-1A_HGKHYDSX7_L2	chromosome			89 length=1445 depth=2.15x	1445	0.4401384083044983	72418a668f9d22921b80222c6e37bd45	00639	CP001509	IS103	IS3	1446	4	1446	3	1445						
Z_CKDN230030153-1A_HGKHYDSX7_L2	chromosome			91 length=1343 depth=4.13x	1343	0.5137751303052867	61fd65e82b1ff789a13f870ad863094e	00786	NC_000913	IS186A	IS4	1345	2	1344	1	1343						
Z_CKDN230030153-1A_HGKHYDSX7_L2	chromosome			95 length=1196 depth=5.25x	1196	0.5351170568561873	e04f304773a19ebb360ac13643b746b4	00918	LT898486	ISKpn26	IS5	1197	1	1196	1	1196						
Z_CKDN230030153-1A_HGKHYDSX7_L2	chromosome			100 length=1056 depth=1.97x	1056	0.5265151515151515	63074e63caec4d4bc8d2ca0d053aa879	00952	MG930932	IS102	IS5	1055	3	1055	2	1053						
Z_CKDN230030153-1A_HGKHYDSX7_L2	plasmid	AD548		61 length=13467 depth=0.92x	13467	0.48429494319447536	5f87fd53e4959370ea59c1768554b27e	00028	JX424614	ISEc21	IS110	1374	1	1374	933	2306	1374	minus	100.0	92.576	0.0	1973
